,Steps,Energy @ 1.5,Energy @ 1.7,Energy @ 1.9,Energy @ 2.0999999999999996,Energy @ 2.3,Energy @ 2.5,Energy @ 2.6999999999999997,Energy @ 2.8999999999999995,Energy @ 3.0999999999999996,Energy @ 3.3
0,1.0,-68.0,-532.0,-1132.0,-1508.0,-1796.0,-1920.0,-1984.0,-2024.0,-2032.0,-2040.0
1,1001.4992496248124,-720.0,-1104.0,-1476.0,-1556.0,-1680.0,-1776.0,-1660.0,-1576.0,-1608.0,-1560.0
2,2001.9984992496247,-1016.0,-1408.0,-1652.0,-1668.0,-1680.0,-1628.0,-1588.0,-1384.0,-1356.0,-1328.0
3,3002.497748874437,-1208.0,-1512.0,-1692.0,-1752.0,-1604.0,-1580.0,-1408.0,-1300.0,-1100.0,-1156.0
4,4002.9969984992495,-1232.0,-1552.0,-1756.0,-1776.0,-1592.0,-1500.0,-1324.0,-1152.0,-1080.0,-1048.0
5,5003.496248124062,-1300.0,-1600.0,-1828.0,-1748.0,-1660.0,-1456.0,-1324.0,-1136.0,-964.0,-924.0
6,6003.995497748874,-1340.0,-1636.0,-1784.0,-1796.0,-1636.0,-1424.0,-1184.0,-1120.0,-896.0,-912.0
7,7004.494747373687,-1340.0,-1740.0,-1864.0,-1740.0,-1588.0,-1476.0,-1100.0,-984.0,-832.0,-860.0
8,8004.993996998499,-1372.0,-1780.0,-1884.0,-1720.0,-1580.0,-1440.0,-1060.0,-992.0,-780.0,-980.0
9,9005.493246623311,-1404.0,-1824.0,-1820.0,-1648.0,-1576.0,-1440.0,-996.0,-916.0,-872.0,-812.0
10,10005.992496248124,-1420.0,-1864.0,-1932.0,-1656.0,-1504.0,-1420.0,-1040.0,-948.0,-840.0,-700.0
11,11006.491745872936,-1440.0,-1908.0,-1908.0,-1712.0,-1516.0,-1428.0,-988.0,-912.0,-848.0,-708.0
12,12006.990995497748,-1472.0,-1940.0,-1868.0,-1744.0,-1468.0,-1428.0,-984.0,-912.0,-816.0,-656.0
13,13007.49024512256,-1516.0,-1980.0,-1840.0,-1752.0,-1544.0,-1384.0,-1092.0,-856.0,-728.0,-692.0
14,14007.989494747373,-1468.0,-1992.0,-1824.0,-1772.0,-1540.0,-1372.0,-1064.0,-856.0,-820.0,-696.0
15,15008.488744372185,-1500.0,-1892.0,-1816.0,-1684.0,-1488.0,-1444.0,-1040.0,-880.0,-764.0,-688.0
16,16008.987993996998,-1488.0,-1884.0,-1828.0,-1604.0,-1496.0,-1364.0,-1076.0,-916.0,-832.0,-696.0
17,17009.48724362181,-1496.0,-1904.0,-1860.0,-1704.0,-1492.0,-1328.0,-1088.0,-932.0,-736.0,-624.0
18,18009.986493246623,-1484.0,-1904.0,-1812.0,-1680.0,-1500.0,-1368.0,-1108.0,-932.0,-764.0,-708.0
19,19010.485742871435,-1496.0,-1944.0,-1856.0,-1732.0,-1432.0,-1364.0,-1176.0,-904.0,-784.0,-764.0
20,20010.984992496247,-1508.0,-1996.0,-1860.0,-1748.0,-1444.0,-1352.0,-1144.0,-968.0,-824.0,-780.0
21,21011.48424212106,-1536.0,-1952.0,-1872.0,-1688.0,-1384.0,-1320.0,-1132.0,-948.0,-704.0,-804.0
22,22011.983491745872,-1552.0,-1988.0,-1904.0,-1676.0,-1412.0,-1356.0,-1128.0,-904.0,-756.0,-816.0
23,23012.482741370684,-1536.0,-1968.0,-1916.0,-1748.0,-1448.0,-1220.0,-1136.0,-916.0,-736.0,-784.0
24,24012.981990995497,-1580.0,-1944.0,-1892.0,-1708.0,-1484.0,-1240.0,-1224.0,-860.0,-752.0,-736.0
25,25013.48124062031,-1572.0,-1960.0,-1860.0,-1704.0,-1424.0,-1308.0,-1124.0,-876.0,-780.0,-812.0
26,26013.98049024512,-1560.0,-1976.0,-1924.0,-1804.0,-1500.0,-1304.0,-1212.0,-824.0,-788.0,-796.0
27,27014.479739869934,-1592.0,-1956.0,-1940.0,-1792.0,-1428.0,-1260.0,-1044.0,-764.0,-840.0,-708.0
28,28014.978989494746,-1608.0,-1940.0,-1952.0,-1768.0,-1372.0,-1144.0,-1000.0,-768.0,-704.0,-796.0
29,29015.47823911956,-1584.0,-1928.0,-1920.0,-1776.0,-1284.0,-1236.0,-1048.0,-892.0,-668.0,-792.0
30,30015.97748874437,-1580.0,-1952.0,-1884.0,-1752.0,-1308.0,-1188.0,-992.0,-804.0,-776.0,-800.0
31,31016.476738369183,-1576.0,-1940.0,-1860.0,-1700.0,-1368.0,-1296.0,-1016.0,-840.0,-732.0,-828.0
32,32016.975987993996,-1624.0,-1972.0,-1816.0,-1684.0,-1328.0,-1300.0,-1064.0,-836.0,-820.0,-784.0
33,33017.47523761881,-1616.0,-1972.0,-1796.0,-1688.0,-1412.0,-1360.0,-1044.0,-880.0,-808.0,-768.0
34,34017.97448724362,-1604.0,-1968.0,-1860.0,-1616.0,-1344.0,-1336.0,-948.0,-848.0,-752.0,-836.0
35,35018.47373686843,-1596.0,-1940.0,-1904.0,-1620.0,-1344.0,-1264.0,-988.0,-864.0,-768.0,-780.0
36,36018.972986493245,-1632.0,-1908.0,-1828.0,-1608.0,-1380.0,-1288.0,-916.0,-872.0,-880.0,-756.0
37,37019.47223611806,-1612.0,-1944.0,-1804.0,-1628.0,-1356.0,-1200.0,-924.0,-772.0,-936.0,-700.0
38,38019.97148574287,-1660.0,-1912.0,-1784.0,-1600.0,-1380.0,-1180.0,-872.0,-880.0,-760.0,-748.0
39,39020.47073536768,-1676.0,-1984.0,-1784.0,-1640.0,-1400.0,-1176.0,-1052.0,-800.0,-768.0,-788.0
40,40020.969984992495,-1636.0,-1984.0,-1756.0,-1660.0,-1392.0,-1196.0,-928.0,-892.0,-792.0,-740.0
41,41021.46923461731,-1660.0,-1948.0,-1816.0,-1628.0,-1428.0,-1196.0,-964.0,-936.0,-732.0,-676.0
42,42021.96848424212,-1656.0,-1972.0,-1904.0,-1728.0,-1408.0,-1152.0,-988.0,-948.0,-740.0,-628.0
43,43022.46773386693,-1684.0,-1916.0,-1908.0,-1684.0,-1440.0,-1152.0,-980.0,-944.0,-860.0,-736.0
44,44022.966983491744,-1708.0,-1944.0,-1892.0,-1656.0,-1464.0,-1164.0,-988.0,-860.0,-768.0,-656.0
45,45023.46623311656,-1692.0,-1948.0,-1856.0,-1680.0,-1468.0,-1224.0,-1004.0,-820.0,-864.0,-704.0
46,46023.96548274137,-1716.0,-1964.0,-1864.0,-1756.0,-1508.0,-1180.0,-844.0,-852.0,-784.0,-760.0
47,47024.46473236618,-1692.0,-1944.0,-1932.0,-1720.0,-1468.0,-1168.0,-856.0,-876.0,-764.0,-700.0
48,48024.96398199099,-1660.0,-1928.0,-1900.0,-1748.0,-1424.0,-1128.0,-880.0,-868.0,-784.0,-768.0
49,49025.46323161581,-1696.0,-1872.0,-1900.0,-1700.0,-1468.0,-1208.0,-932.0,-916.0,-764.0,-784.0
50,50025.96248124062,-1724.0,-1892.0,-1912.0,-1696.0,-1460.0,-1228.0,-884.0,-860.0,-764.0,-788.0
51,51026.46173086543,-1696.0,-1952.0,-1880.0,-1660.0,-1508.0,-1128.0,-892.0,-936.0,-748.0,-788.0
52,52026.96098049024,-1720.0,-1936.0,-1880.0,-1668.0,-1468.0,-1156.0,-840.0,-920.0,-768.0,-792.0
53,53027.46023011506,-1696.0,-1936.0,-1824.0,-1768.0,-1468.0,-1208.0,-884.0,-856.0,-856.0,-680.0
54,54027.95947973987,-1744.0,-1960.0,-1784.0,-1756.0,-1420.0,-1188.0,-936.0,-808.0,-820.0,-744.0
55,55028.45872936468,-1732.0,-1924.0,-1864.0,-1760.0,-1448.0,-1232.0,-916.0,-832.0,-764.0,-808.0
56,56028.95797898949,-1756.0,-1916.0,-1848.0,-1784.0,-1368.0,-1204.0,-924.0,-812.0,-808.0,-740.0
57,57029.45722861431,-1776.0,-1928.0,-1848.0,-1780.0,-1452.0,-1204.0,-932.0,-752.0,-824.0,-656.0
58,58029.95647823912,-1780.0,-1952.0,-1876.0,-1820.0,-1476.0,-1248.0,-936.0,-880.0,-804.0,-684.0
59,59030.455727863926,-1788.0,-1956.0,-1860.0,-1708.0,-1436.0,-1172.0,-920.0,-864.0,-820.0,-760.0
60,60030.95497748874,-1748.0,-1968.0,-1868.0,-1804.0,-1480.0,-1256.0,-968.0,-880.0,-740.0,-780.0
61,61031.45422711356,-1788.0,-1940.0,-1896.0,-1840.0,-1448.0,-1252.0,-972.0,-872.0,-804.0,-768.0
62,62031.95347673837,-1792.0,-1940.0,-1888.0,-1884.0,-1380.0,-1224.0,-936.0,-896.0,-768.0,-772.0
63,63032.452726363175,-1740.0,-1948.0,-1804.0,-1828.0,-1360.0,-1180.0,-920.0,-960.0,-760.0,-656.0
64,64032.95197598799,-1728.0,-1932.0,-1820.0,-1748.0,-1232.0,-1112.0,-972.0,-936.0,-812.0,-684.0
65,65033.45122561281,-1724.0,-1932.0,-1856.0,-1784.0,-1284.0,-1168.0,-952.0,-924.0,-784.0,-684.0
66,66033.95047523762,-1764.0,-1944.0,-1832.0,-1784.0,-1360.0,-1128.0,-988.0,-912.0,-760.0,-720.0
67,67034.44972486242,-1796.0,-1968.0,-1788.0,-1872.0,-1328.0,-1156.0,-936.0,-880.0,-732.0,-784.0
68,68034.94897448724,-1772.0,-1944.0,-1808.0,-1828.0,-1328.0,-1144.0,-976.0,-1004.0,-816.0,-876.0
69,69035.44822411206,-1808.0,-1980.0,-1864.0,-1840.0,-1228.0,-1164.0,-1028.0,-988.0,-808.0,-784.0
70,70035.94747373686,-1804.0,-1920.0,-1868.0,-1828.0,-1232.0,-1176.0,-1076.0,-1024.0,-700.0,-712.0
71,71036.44672336167,-1772.0,-1896.0,-1852.0,-1792.0,-1312.0,-1180.0,-1032.0,-976.0,-804.0,-740.0
72,72036.94597298649,-1768.0,-1960.0,-1872.0,-1736.0,-1292.0,-1144.0,-1016.0,-984.0,-844.0,-652.0
73,73037.4452226113,-1736.0,-1964.0,-1868.0,-1756.0,-1216.0,-1156.0,-972.0,-888.0,-824.0,-668.0
74,74037.94447223612,-1760.0,-1960.0,-1832.0,-1728.0,-1272.0,-1088.0,-976.0,-808.0,-760.0,-700.0
75,75038.44372186092,-1780.0,-1964.0,-1832.0,-1788.0,-1244.0,-1100.0,-1096.0,-900.0,-788.0,-660.0
76,76038.94297148574,-1776.0,-1964.0,-1900.0,-1700.0,-1252.0,-1100.0,-956.0,-952.0,-788.0,-736.0
77,77039.44222111056,-1788.0,-1976.0,-1848.0,-1724.0,-1284.0,-1104.0,-952.0,-920.0,-744.0,-684.0
78,78039.94147073536,-1744.0,-1928.0,-1908.0,-1760.0,-1224.0,-1128.0,-956.0,-888.0,-748.0,-660.0
79,79040.44072036017,-1772.0,-1928.0,-1888.0,-1760.0,-1260.0,-1032.0,-880.0,-876.0,-800.0,-720.0
80,80040.93996998499,-1776.0,-1956.0,-1892.0,-1736.0,-1176.0,-1072.0,-908.0,-964.0,-780.0,-740.0
81,81041.4392196098,-1748.0,-1976.0,-1908.0,-1696.0,-1248.0,-1092.0,-960.0,-880.0,-784.0,-744.0
82,82041.93846923462,-1788.0,-1924.0,-1872.0,-1704.0,-1300.0,-1092.0,-980.0,-956.0,-768.0,-652.0
83,83042.43771885942,-1788.0,-1944.0,-1892.0,-1700.0,-1340.0,-1012.0,-1048.0,-864.0,-680.0,-740.0
84,84042.93696848424,-1804.0,-1908.0,-1916.0,-1744.0,-1380.0,-996.0,-1000.0,-988.0,-724.0,-788.0
85,85043.43621810905,-1788.0,-1928.0,-1908.0,-1656.0,-1368.0,-1144.0,-956.0,-924.0,-644.0,-768.0
86,86043.93546773386,-1816.0,-1944.0,-1864.0,-1648.0,-1304.0,-1068.0,-1080.0,-904.0,-752.0,-672.0
87,87044.43471735867,-1816.0,-1852.0,-1844.0,-1680.0,-1316.0,-1160.0,-1072.0,-940.0,-664.0,-692.0
88,88044.93396698349,-1796.0,-1892.0,-1808.0,-1716.0,-1348.0,-1072.0,-1064.0,-812.0,-772.0,-660.0
89,89045.4332166083,-1820.0,-1900.0,-1836.0,-1756.0,-1376.0,-1064.0,-1120.0,-840.0,-828.0,-720.0
90,90045.93246623312,-1808.0,-1916.0,-1884.0,-1808.0,-1448.0,-1044.0,-1040.0,-892.0,-772.0,-732.0
91,91046.43171585792,-1788.0,-1936.0,-1920.0,-1804.0,-1424.0,-1116.0,-1064.0,-864.0,-784.0,-748.0
92,92046.93096548274,-1792.0,-1932.0,-1936.0,-1824.0,-1460.0,-1080.0,-1012.0,-980.0,-836.0,-736.0
93,93047.43021510755,-1824.0,-1940.0,-1872.0,-1768.0,-1460.0,-1088.0,-1120.0,-912.0,-792.0,-732.0
94,94047.92946473235,-1808.0,-1908.0,-1852.0,-1764.0,-1484.0,-1156.0,-1060.0,-788.0,-812.0,-748.0
95,95048.42871435717,-1828.0,-1880.0,-1860.0,-1740.0,-1376.0,-1084.0,-996.0,-876.0,-860.0,-648.0
96,96048.92796398199,-1808.0,-1928.0,-1868.0,-1820.0,-1400.0,-1100.0,-952.0,-928.0,-856.0,-712.0
97,97049.4272136068,-1804.0,-1980.0,-1884.0,-1684.0,-1508.0,-1140.0,-968.0,-904.0,-824.0,-764.0
98,98049.92646323162,-1800.0,-1972.0,-1908.0,-1688.0,-1528.0,-1180.0,-1004.0,-864.0,-732.0,-728.0
99,99050.42571285642,-1796.0,-1980.0,-1904.0,-1648.0,-1496.0,-1240.0,-1044.0,-848.0,-804.0,-748.0
100,100050.92496248124,-1824.0,-1916.0,-1904.0,-1676.0,-1496.0,-1188.0,-996.0,-880.0,-816.0,-724.0
101,101051.42421210605,-1828.0,-1944.0,-1912.0,-1704.0,-1496.0,-1104.0,-944.0,-900.0,-804.0,-700.0
102,102051.92346173085,-1852.0,-1912.0,-1884.0,-1696.0,-1508.0,-1260.0,-908.0,-916.0,-704.0,-736.0
103,103052.42271135567,-1792.0,-1948.0,-1872.0,-1696.0,-1512.0,-1316.0,-932.0,-888.0,-744.0,-772.0
104,104052.92196098049,-1796.0,-1980.0,-1896.0,-1712.0,-1480.0,-1172.0,-932.0,-876.0,-768.0,-764.0
105,105053.4212106053,-1804.0,-2004.0,-1888.0,-1796.0,-1500.0,-1276.0,-908.0,-824.0,-808.0,-704.0
106,106053.92046023012,-1788.0,-1968.0,-1904.0,-1756.0,-1476.0,-1212.0,-972.0,-876.0,-828.0,-788.0
107,107054.41970985492,-1772.0,-1940.0,-1940.0,-1724.0,-1420.0,-1180.0,-1000.0,-956.0,-788.0,-760.0
108,108054.91895947974,-1796.0,-1900.0,-1900.0,-1712.0,-1464.0,-1236.0,-948.0,-944.0,-740.0,-800.0
109,109055.41820910455,-1812.0,-1936.0,-1884.0,-1724.0,-1388.0,-1100.0,-952.0,-944.0,-692.0,-840.0
110,110055.91745872935,-1800.0,-1964.0,-1904.0,-1680.0,-1384.0,-1112.0,-972.0,-940.0,-744.0,-792.0
111,111056.41670835417,-1780.0,-1956.0,-1920.0,-1672.0,-1376.0,-1064.0,-904.0,-912.0,-828.0,-784.0
112,112056.91595797898,-1812.0,-1980.0,-1916.0,-1612.0,-1376.0,-1104.0,-956.0,-908.0,-712.0,-756.0
113,113057.4152076038,-1828.0,-1932.0,-1904.0,-1628.0,-1356.0,-1148.0,-1016.0,-844.0,-712.0,-676.0
114,114057.91445722862,-1820.0,-1860.0,-1912.0,-1624.0,-1388.0,-1120.0,-884.0,-788.0,-576.0,-640.0
115,115058.41370685342,-1832.0,-1884.0,-1856.0,-1632.0,-1468.0,-1100.0,-916.0,-776.0,-724.0,-740.0
116,116058.91295647823,-1828.0,-1968.0,-1828.0,-1632.0,-1508.0,-1024.0,-980.0,-752.0,-820.0,-788.0
117,117059.41220610305,-1824.0,-1992.0,-1844.0,-1660.0,-1440.0,-1028.0,-996.0,-712.0,-708.0,-696.0
118,118059.91145572785,-1824.0,-1980.0,-1864.0,-1576.0,-1452.0,-1044.0,-1028.0,-860.0,-700.0,-692.0
119,119060.41070535267,-1832.0,-1988.0,-1768.0,-1592.0,-1472.0,-1168.0,-984.0,-840.0,-760.0,-636.0
120,120060.90995497748,-1816.0,-1968.0,-1804.0,-1584.0,-1484.0,-1152.0,-880.0,-860.0,-712.0,-684.0
121,121061.4092046023,-1800.0,-2000.0,-1848.0,-1620.0,-1472.0,-1124.0,-984.0,-832.0,-864.0,-696.0
122,122061.90845422712,-1788.0,-1976.0,-1884.0,-1560.0,-1460.0,-1112.0,-956.0,-848.0,-932.0,-752.0
123,123062.40770385192,-1784.0,-1980.0,-1872.0,-1628.0,-1388.0,-1128.0,-976.0,-828.0,-820.0,-752.0
124,124062.90695347673,-1804.0,-1984.0,-1836.0,-1632.0,-1448.0,-1128.0,-1060.0,-828.0,-864.0,-772.0
125,125063.40620310155,-1796.0,-1980.0,-1860.0,-1712.0,-1504.0,-1208.0,-960.0,-896.0,-900.0,-756.0
126,126063.90545272635,-1832.0,-1968.0,-1852.0,-1684.0,-1520.0,-1124.0,-1008.0,-948.0,-772.0,-788.0
127,127064.40470235117,-1832.0,-1952.0,-1904.0,-1688.0,-1540.0,-1228.0,-920.0,-872.0,-696.0,-744.0
128,128064.90395197598,-1844.0,-1968.0,-1804.0,-1692.0,-1520.0,-1296.0,-1012.0,-808.0,-608.0,-720.0
129,129065.4032016008,-1864.0,-1920.0,-1800.0,-1688.0,-1484.0,-1204.0,-948.0,-832.0,-712.0,-668.0
130,130065.90245122561,-1852.0,-1940.0,-1792.0,-1764.0,-1420.0,-1160.0,-948.0,-876.0,-660.0,-708.0
131,131066.40170085042,-1836.0,-1984.0,-1780.0,-1784.0,-1456.0,-1176.0,-856.0,-832.0,-764.0,-684.0
132,132066.90095047525,-1844.0,-1988.0,-1820.0,-1728.0,-1520.0,-1248.0,-896.0,-900.0,-708.0,-720.0
133,133067.40020010003,-1848.0,-1996.0,-1848.0,-1756.0,-1496.0,-1264.0,-972.0,-876.0,-816.0,-764.0
134,134067.89944972485,-1852.0,-1948.0,-1820.0,-1768.0,-1500.0,-1228.0,-956.0,-812.0,-752.0,-772.0
135,135068.39869934967,-1844.0,-1984.0,-1856.0,-1828.0,-1476.0,-1148.0,-992.0,-852.0,-748.0,-796.0
136,136068.89794897448,-1852.0,-1924.0,-1844.0,-1828.0,-1536.0,-1120.0,-976.0,-900.0,-788.0,-828.0
137,137069.3971985993,-1860.0,-1896.0,-1860.0,-1788.0,-1564.0,-1092.0,-988.0,-904.0,-692.0,-700.0
138,138069.8964482241,-1852.0,-1932.0,-1940.0,-1812.0,-1572.0,-1168.0,-964.0,-960.0,-848.0,-776.0
139,139070.39569784893,-1860.0,-1960.0,-1936.0,-1744.0,-1612.0,-1220.0,-1008.0,-916.0,-876.0,-776.0
140,140070.89494747372,-1852.0,-1952.0,-1928.0,-1732.0,-1496.0,-1216.0,-1036.0,-872.0,-848.0,-780.0
141,141071.39419709853,-1836.0,-1948.0,-1968.0,-1748.0,-1512.0,-1192.0,-992.0,-808.0,-856.0,-840.0
142,142071.89344672335,-1804.0,-1924.0,-1924.0,-1708.0,-1508.0,-1128.0,-952.0,-800.0,-920.0,-780.0
143,143072.39269634816,-1824.0,-1960.0,-1872.0,-1728.0,-1472.0,-1044.0,-940.0,-960.0,-908.0,-736.0
144,144072.89194597298,-1792.0,-2008.0,-1820.0,-1788.0,-1344.0,-1048.0,-932.0,-892.0,-840.0,-692.0
145,145073.3911955978,-1812.0,-1980.0,-1724.0,-1728.0,-1380.0,-1080.0,-940.0,-784.0,-832.0,-724.0
146,146073.8904452226,-1800.0,-1964.0,-1768.0,-1764.0,-1420.0,-1152.0,-884.0,-864.0,-848.0,-728.0
147,147074.38969484743,-1840.0,-1944.0,-1832.0,-1636.0,-1408.0,-1180.0,-860.0,-764.0,-828.0,-752.0
148,148074.88894447224,-1796.0,-1944.0,-1868.0,-1628.0,-1452.0,-1128.0,-972.0,-820.0,-800.0,-784.0
149,149075.38819409703,-1828.0,-1972.0,-1860.0,-1652.0,-1464.0,-1104.0,-1048.0,-816.0,-768.0,-764.0
150,150075.88744372185,-1836.0,-1928.0,-1892.0,-1712.0,-1452.0,-1148.0,-1088.0,-856.0,-768.0,-864.0
151,151076.38669334666,-1844.0,-1948.0,-1912.0,-1636.0,-1512.0,-1136.0,-1044.0,-828.0,-776.0,-852.0
152,152076.88594297148,-1848.0,-1944.0,-1932.0,-1652.0,-1496.0,-1152.0,-1048.0,-900.0,-800.0,-768.0
153,153077.3851925963,-1832.0,-1948.0,-1900.0,-1672.0,-1476.0,-1140.0,-1068.0,-916.0,-860.0,-688.0
154,154077.8844422211,-1840.0,-1896.0,-1892.0,-1676.0,-1456.0,-1152.0,-1060.0,-892.0,-772.0,-752.0
155,155078.38369184593,-1820.0,-1864.0,-1932.0,-1700.0,-1508.0,-1184.0,-1076.0,-956.0,-860.0,-784.0
156,156078.8829414707,-1828.0,-1864.0,-1876.0,-1704.0,-1544.0,-1168.0,-980.0,-948.0,-920.0,-652.0
157,157079.38219109553,-1852.0,-1908.0,-1784.0,-1680.0,-1504.0,-1232.0,-928.0,-912.0,-860.0,-708.0
158,158079.88144072035,-1844.0,-1916.0,-1784.0,-1656.0,-1588.0,-1188.0,-932.0,-860.0,-860.0,-696.0
159,159080.38069034516,-1844.0,-1920.0,-1812.0,-1696.0,-1528.0,-1208.0,-988.0,-796.0,-840.0,-660.0
160,160080.87993996998,-1864.0,-1940.0,-1808.0,-1672.0,-1540.0,-1176.0,-976.0,-888.0,-788.0,-644.0
161,161081.3791895948,-1852.0,-1924.0,-1880.0,-1752.0,-1512.0,-1128.0,-916.0,-824.0,-776.0,-704.0
162,162081.8784392196,-1860.0,-1904.0,-1872.0,-1780.0,-1524.0,-1132.0,-952.0,-816.0,-768.0,-756.0
163,163082.37768884443,-1832.0,-1964.0,-1888.0,-1712.0,-1432.0,-1148.0,-1020.0,-852.0,-852.0,-872.0
164,164082.87693846924,-1856.0,-1948.0,-1828.0,-1736.0,-1428.0,-1148.0,-964.0,-880.0,-732.0,-760.0
165,165083.37618809403,-1820.0,-1928.0,-1784.0,-1712.0,-1472.0,-1124.0,-956.0,-912.0,-732.0,-728.0
166,166083.87543771885,-1848.0,-1968.0,-1804.0,-1624.0,-1432.0,-1120.0,-944.0,-880.0,-816.0,-684.0
167,167084.37468734366,-1864.0,-1924.0,-1860.0,-1680.0,-1448.0,-1168.0,-1040.0,-836.0,-824.0,-724.0
168,168084.87393696848,-1852.0,-1960.0,-1860.0,-1612.0,-1376.0,-1196.0,-1060.0,-896.0,-820.0,-740.0
169,169085.3731865933,-1852.0,-1928.0,-1912.0,-1648.0,-1384.0,-1188.0,-1128.0,-916.0,-748.0,-776.0
170,170085.8724362181,-1892.0,-1940.0,-1904.0,-1684.0,-1372.0,-1188.0,-1064.0,-844.0,-716.0,-800.0
171,171086.37168584293,-1880.0,-1944.0,-1820.0,-1732.0,-1336.0,-1156.0,-1032.0,-856.0,-752.0,-864.0
172,172086.8709354677,-1856.0,-1928.0,-1836.0,-1756.0,-1404.0,-1068.0,-1000.0,-804.0,-888.0,-780.0
173,173087.37018509253,-1856.0,-1920.0,-1804.0,-1688.0,-1292.0,-1064.0,-988.0,-820.0,-804.0,-764.0
174,174087.86943471734,-1840.0,-1948.0,-1864.0,-1748.0,-1376.0,-1112.0,-1016.0,-868.0,-804.0,-800.0
175,175088.36868434216,-1852.0,-1944.0,-1880.0,-1760.0,-1376.0,-1052.0,-940.0,-888.0,-792.0,-712.0
176,176088.86793396698,-1832.0,-1936.0,-1924.0,-1696.0,-1476.0,-1020.0,-988.0,-872.0,-856.0,-648.0
177,177089.3671835918,-1848.0,-1960.0,-1912.0,-1708.0,-1400.0,-1084.0,-936.0,-824.0,-864.0,-712.0
178,178089.8664332166,-1860.0,-1896.0,-1904.0,-1764.0,-1432.0,-1064.0,-904.0,-844.0,-872.0,-724.0
179,179090.36568284142,-1872.0,-1928.0,-1948.0,-1816.0,-1424.0,-1136.0,-964.0,-956.0,-840.0,-656.0
180,180090.86493246624,-1868.0,-1932.0,-1916.0,-1748.0,-1436.0,-1132.0,-944.0,-904.0,-804.0,-756.0
181,181091.36418209103,-1852.0,-1908.0,-1920.0,-1716.0,-1368.0,-1064.0,-992.0,-900.0,-864.0,-808.0
182,182091.86343171584,-1852.0,-1960.0,-1916.0,-1576.0,-1348.0,-976.0,-952.0,-896.0,-872.0,-772.0
183,183092.36268134066,-1868.0,-1960.0,-1928.0,-1688.0,-1436.0,-1044.0,-972.0,-952.0,-816.0,-804.0
184,184092.86193096548,-1900.0,-1984.0,-1880.0,-1756.0,-1476.0,-1040.0,-980.0,-904.0,-856.0,-784.0
185,185093.3611805903,-1904.0,-1992.0,-1872.0,-1752.0,-1516.0,-964.0,-908.0,-928.0,-888.0,-796.0
186,186093.8604302151,-1884.0,-1952.0,-1868.0,-1796.0,-1540.0,-1036.0,-892.0,-936.0,-840.0,-792.0
187,187094.35967983992,-1872.0,-1908.0,-1764.0,-1760.0,-1616.0,-1064.0,-812.0,-872.0,-904.0,-684.0
188,188094.8589294647,-1868.0,-1944.0,-1836.0,-1744.0,-1476.0,-1088.0,-876.0,-980.0,-716.0,-712.0
189,189095.35817908953,-1884.0,-1900.0,-1884.0,-1764.0,-1428.0,-1124.0,-936.0,-956.0,-820.0,-744.0
190,190095.85742871434,-1876.0,-1940.0,-1928.0,-1772.0,-1392.0,-1076.0,-984.0,-876.0,-876.0,-712.0
191,191096.35667833916,-1892.0,-1924.0,-1840.0,-1736.0,-1404.0,-1164.0,-896.0,-948.0,-940.0,-680.0
192,192096.85592796397,-1884.0,-1900.0,-1856.0,-1764.0,-1532.0,-1084.0,-996.0,-976.0,-900.0,-796.0
193,193097.3551775888,-1884.0,-1856.0,-1880.0,-1788.0,-1456.0,-1100.0,-952.0,-952.0,-1040.0,-760.0
194,194097.8544272136,-1924.0,-1868.0,-1868.0,-1784.0,-1488.0,-1140.0,-960.0,-852.0,-916.0,-768.0
195,195098.35367683842,-1932.0,-1908.0,-1852.0,-1760.0,-1368.0,-1168.0,-940.0,-928.0,-848.0,-812.0
196,196098.85292646324,-1928.0,-1904.0,-1872.0,-1712.0,-1336.0,-1124.0,-884.0,-984.0,-856.0,-788.0
197,197099.35217608802,-1924.0,-1892.0,-1836.0,-1680.0,-1384.0,-1088.0,-896.0,-968.0,-740.0,-780.0
198,198099.85142571284,-1912.0,-1900.0,-1808.0,-1632.0,-1404.0,-1104.0,-860.0,-908.0,-828.0,-600.0
199,199100.35067533766,-1924.0,-1872.0,-1832.0,-1568.0,-1468.0,-1068.0,-844.0,-908.0,-836.0,-724.0
200,200100.84992496247,-1920.0,-1908.0,-1856.0,-1640.0,-1428.0,-1116.0,-896.0,-932.0,-784.0,-680.0
201,201101.3491745873,-1908.0,-1936.0,-1876.0,-1596.0,-1556.0,-1076.0,-920.0,-896.0,-848.0,-712.0
202,202101.8484242121,-1904.0,-1968.0,-1828.0,-1612.0,-1524.0,-1056.0,-960.0,-1020.0,-852.0,-744.0
203,203102.34767383692,-1904.0,-1928.0,-1840.0,-1576.0,-1356.0,-1108.0,-940.0,-904.0,-840.0,-676.0
204,204102.8469234617,-1880.0,-1892.0,-1880.0,-1668.0,-1448.0,-1120.0,-1044.0,-864.0,-816.0,-672.0
205,205103.34617308652,-1888.0,-1964.0,-1872.0,-1736.0,-1332.0,-1144.0,-1016.0,-916.0,-752.0,-748.0
206,206103.84542271134,-1904.0,-1932.0,-1836.0,-1756.0,-1384.0,-1048.0,-1112.0,-956.0,-864.0,-740.0
207,207104.34467233616,-1924.0,-1924.0,-1788.0,-1708.0,-1372.0,-1092.0,-1020.0,-908.0,-832.0,-724.0
208,208104.84392196097,-1924.0,-1968.0,-1784.0,-1708.0,-1376.0,-1120.0,-1060.0,-768.0,-788.0,-708.0
209,209105.3431715858,-1892.0,-1988.0,-1824.0,-1732.0,-1412.0,-1044.0,-1036.0,-840.0,-820.0,-756.0
210,210105.8424212106,-1912.0,-1980.0,-1812.0,-1680.0,-1420.0,-1032.0,-1032.0,-776.0,-752.0,-748.0
211,211106.34167083542,-1920.0,-1944.0,-1784.0,-1720.0,-1420.0,-1072.0,-980.0,-704.0,-788.0,-776.0
212,212106.84092046024,-1904.0,-1960.0,-1864.0,-1676.0,-1444.0,-1108.0,-1080.0,-784.0,-776.0,-664.0
213,213107.34017008502,-1884.0,-1960.0,-1884.0,-1708.0,-1476.0,-1128.0,-1032.0,-828.0,-780.0,-744.0
214,214107.83941970984,-1888.0,-1952.0,-1880.0,-1668.0,-1456.0,-1100.0,-1004.0,-824.0,-812.0,-752.0
215,215108.33866933465,-1888.0,-1956.0,-1868.0,-1740.0,-1400.0,-1044.0,-936.0,-884.0,-904.0,-660.0
216,216108.83791895947,-1904.0,-1968.0,-1888.0,-1684.0,-1452.0,-1132.0,-1016.0,-960.0,-828.0,-680.0
217,217109.3371685843,-1900.0,-1892.0,-1872.0,-1612.0,-1416.0,-1124.0,-916.0,-872.0,-808.0,-704.0
218,218109.8364182091,-1880.0,-1904.0,-1848.0,-1716.0,-1400.0,-1100.0,-916.0,-916.0,-824.0,-756.0
219,219110.33566783392,-1864.0,-1896.0,-1828.0,-1688.0,-1420.0,-1100.0,-1012.0,-884.0,-764.0,-684.0
220,220110.8349174587,-1880.0,-1940.0,-1924.0,-1724.0,-1396.0,-1092.0,-992.0,-920.0,-748.0,-684.0
221,221111.33416708352,-1856.0,-1932.0,-1880.0,-1708.0,-1484.0,-1144.0,-1044.0,-924.0,-748.0,-640.0
222,222111.83341670834,-1888.0,-1968.0,-1888.0,-1688.0,-1392.0,-1176.0,-972.0,-924.0,-728.0,-716.0
223,223112.33266633315,-1908.0,-1960.0,-1840.0,-1644.0,-1364.0,-1128.0,-996.0,-920.0,-808.0,-684.0
224,224112.83191595797,-1904.0,-1940.0,-1916.0,-1712.0,-1428.0,-1184.0,-1064.0,-976.0,-876.0,-772.0
225,225113.3311655828,-1920.0,-1924.0,-1912.0,-1644.0,-1408.0,-1192.0,-992.0,-1000.0,-900.0,-804.0
226,226113.8304152076,-1924.0,-1976.0,-1912.0,-1560.0,-1480.0,-1160.0,-880.0,-928.0,-920.0,-736.0
227,227114.32966483242,-1928.0,-1948.0,-1880.0,-1556.0,-1432.0,-1092.0,-988.0,-904.0,-820.0,-732.0
228,228114.82891445723,-1924.0,-1964.0,-1908.0,-1584.0,-1452.0,-1072.0,-972.0,-948.0,-800.0,-776.0
229,229115.32816408202,-1940.0,-1956.0,-1900.0,-1656.0,-1420.0,-996.0,-904.0,-948.0,-844.0,-736.0
230,230115.82741370684,-1912.0,-1980.0,-1900.0,-1612.0,-1316.0,-1052.0,-932.0,-948.0,-824.0,-684.0
231,231116.32666333165,-1920.0,-1972.0,-1864.0,-1648.0,-1276.0,-1020.0,-888.0,-856.0,-772.0,-720.0
232,232116.82591295647,-1952.0,-1928.0,-1852.0,-1680.0,-1336.0,-1004.0,-904.0,-928.0,-720.0,-680.0
233,233117.32516258128,-1956.0,-1940.0,-1828.0,-1696.0,-1360.0,-1140.0,-888.0,-892.0,-696.0,-608.0
234,234117.8244122061,-1956.0,-1952.0,-1796.0,-1692.0,-1420.0,-1140.0,-904.0,-944.0,-680.0,-628.0
235,235118.32366183092,-1916.0,-1948.0,-1888.0,-1788.0,-1428.0,-1140.0,-900.0,-952.0,-744.0,-688.0
236,236118.8229114557,-1952.0,-1944.0,-1900.0,-1728.0,-1464.0,-1156.0,-984.0,-944.0,-728.0,-836.0
237,237119.32216108052,-1960.0,-1932.0,-1912.0,-1640.0,-1428.0,-1116.0,-1164.0,-936.0,-792.0,-760.0
238,238119.82141070534,-1980.0,-1936.0,-1844.0,-1672.0,-1556.0,-1136.0,-1060.0,-916.0,-872.0,-812.0
239,239120.32066033015,-2000.0,-1900.0,-1824.0,-1692.0,-1500.0,-1064.0,-1112.0,-916.0,-848.0,-832.0
240,240120.81990995497,-2024.0,-1876.0,-1828.0,-1628.0,-1508.0,-1044.0,-920.0,-1024.0,-776.0,-760.0
241,241121.31915957978,-2008.0,-1904.0,-1860.0,-1616.0,-1472.0,-1108.0,-944.0,-900.0,-796.0,-760.0
242,242121.8184092046,-2004.0,-1940.0,-1888.0,-1680.0,-1500.0,-1100.0,-1044.0,-892.0,-788.0,-680.0
243,243122.31765882942,-2016.0,-1920.0,-1848.0,-1664.0,-1584.0,-1088.0,-992.0,-1012.0,-872.0,-680.0
244,244122.81690845423,-2040.0,-1928.0,-1864.0,-1644.0,-1496.0,-1144.0,-1012.0,-932.0,-760.0,-708.0
245,245123.31615807902,-2040.0,-1968.0,-1828.0,-1672.0,-1508.0,-1084.0,-1020.0,-888.0,-768.0,-660.0
246,246123.81540770383,-2020.0,-1992.0,-1780.0,-1736.0,-1440.0,-1064.0,-1036.0,-872.0,-720.0,-652.0
247,247124.31465732865,-1996.0,-1972.0,-1716.0,-1728.0,-1452.0,-1032.0,-1024.0,-760.0,-816.0,-660.0
248,248124.81390695347,-2000.0,-1988.0,-1796.0,-1700.0,-1460.0,-1028.0,-1060.0,-816.0,-840.0,-744.0
249,249125.31315657828,-1984.0,-1992.0,-1812.0,-1684.0,-1484.0,-1044.0,-916.0,-824.0,-872.0,-784.0
250,250125.8124062031,-1984.0,-1960.0,-1840.0,-1700.0,-1528.0,-960.0,-1020.0,-856.0,-904.0,-796.0
251,251126.3116558279,-2008.0,-1948.0,-1828.0,-1740.0,-1472.0,-1040.0,-960.0,-840.0,-880.0,-796.0
252,252126.8109054527,-1976.0,-1960.0,-1920.0,-1700.0,-1488.0,-1056.0,-968.0,-844.0,-896.0,-816.0
253,253127.31015507752,-1988.0,-1972.0,-1884.0,-1636.0,-1544.0,-1116.0,-968.0,-884.0,-824.0,-764.0
254,254127.80940470233,-2028.0,-1980.0,-1868.0,-1636.0,-1464.0,-1112.0,-944.0,-844.0,-784.0,-700.0
255,255128.30865432715,-2008.0,-1972.0,-1840.0,-1644.0,-1452.0,-1080.0,-900.0,-860.0,-876.0,-728.0
256,256128.80790395197,-2016.0,-1976.0,-1840.0,-1664.0,-1476.0,-1036.0,-884.0,-860.0,-800.0,-704.0
257,257129.30715357678,-2028.0,-1952.0,-1828.0,-1680.0,-1540.0,-1080.0,-1000.0,-816.0,-732.0,-720.0
258,258129.8064032016,-2016.0,-1912.0,-1808.0,-1672.0,-1508.0,-1048.0,-1096.0,-904.0,-788.0,-640.0
259,259130.3056528264,-2032.0,-1944.0,-1800.0,-1692.0,-1532.0,-1036.0,-1040.0,-944.0,-796.0,-736.0
260,260130.80490245123,-2040.0,-1936.0,-1796.0,-1684.0,-1532.0,-1104.0,-996.0,-876.0,-772.0,-856.0
261,261131.30415207602,-2004.0,-1908.0,-1796.0,-1768.0,-1548.0,-1140.0,-980.0,-956.0,-804.0,-868.0
262,262131.80340170083,-2008.0,-1884.0,-1852.0,-1700.0,-1624.0,-1120.0,-984.0,-892.0,-740.0,-776.0
263,263132.30265132565,-1984.0,-1968.0,-1820.0,-1748.0,-1608.0,-1112.0,-1004.0,-888.0,-824.0,-812.0
264,264132.8019009505,-1988.0,-1976.0,-1852.0,-1744.0,-1544.0,-1108.0,-992.0,-936.0,-696.0,-756.0
265,265133.3011505753,-2004.0,-1968.0,-1812.0,-1740.0,-1652.0,-1196.0,-948.0,-888.0,-764.0,-740.0
266,266133.80040020007,-2024.0,-1984.0,-1796.0,-1772.0,-1628.0,-1180.0,-1020.0,-852.0,-700.0,-728.0
267,267134.2996498249,-2004.0,-1968.0,-1808.0,-1788.0,-1568.0,-1188.0,-1020.0,-924.0,-652.0,-788.0
268,268134.7988994497,-2016.0,-1928.0,-1860.0,-1788.0,-1620.0,-1200.0,-1036.0,-936.0,-728.0,-796.0
269,269135.29814907454,-2024.0,-1936.0,-1860.0,-1728.0,-1512.0,-1192.0,-964.0,-956.0,-624.0,-768.0
270,270135.79739869933,-2004.0,-1912.0,-1868.0,-1712.0,-1464.0,-1212.0,-908.0,-920.0,-732.0,-784.0
271,271136.2966483242,-2028.0,-1940.0,-1856.0,-1772.0,-1432.0,-1128.0,-844.0,-892.0,-788.0,-784.0
272,272136.79589794896,-2024.0,-1948.0,-1820.0,-1796.0,-1420.0,-1128.0,-960.0,-924.0,-732.0,-792.0
273,273137.29514757375,-2024.0,-1956.0,-1860.0,-1708.0,-1400.0,-1104.0,-980.0,-976.0,-804.0,-800.0
274,274137.7943971986,-2008.0,-1900.0,-1880.0,-1712.0,-1404.0,-1160.0,-940.0,-872.0,-660.0,-800.0
275,275138.2936468234,-1984.0,-1932.0,-1904.0,-1664.0,-1420.0,-1096.0,-852.0,-904.0,-800.0,-780.0
276,276138.7928964482,-1960.0,-1972.0,-1904.0,-1660.0,-1396.0,-1116.0,-952.0,-980.0,-696.0,-784.0
277,277139.292146073,-1960.0,-1952.0,-1908.0,-1656.0,-1368.0,-1196.0,-964.0,-944.0,-732.0,-704.0
278,278139.79139569786,-1988.0,-1960.0,-1876.0,-1740.0,-1420.0,-1252.0,-980.0,-924.0,-804.0,-736.0
279,279140.29064532265,-1976.0,-1972.0,-1844.0,-1716.0,-1284.0,-1204.0,-952.0,-856.0,-756.0,-772.0
280,280140.78989494743,-1976.0,-1924.0,-1896.0,-1744.0,-1316.0,-1208.0,-1016.0,-872.0,-728.0,-716.0
281,281141.2891445723,-2012.0,-1884.0,-1924.0,-1736.0,-1300.0,-1124.0,-928.0,-908.0,-816.0,-784.0
282,282141.78839419706,-2008.0,-1924.0,-1956.0,-1684.0,-1320.0,-1128.0,-928.0,-792.0,-824.0,-860.0
283,283142.2876438219,-2008.0,-1924.0,-1968.0,-1652.0,-1308.0,-1220.0,-876.0,-796.0,-912.0,-752.0
284,284142.7868934467,-2012.0,-1916.0,-1948.0,-1704.0,-1328.0,-1232.0,-916.0,-852.0,-844.0,-752.0
285,285143.28614307154,-2004.0,-1920.0,-1920.0,-1600.0,-1388.0,-1192.0,-928.0,-876.0,-800.0,-648.0
286,286143.7853926963,-2008.0,-1948.0,-1880.0,-1604.0,-1376.0,-1264.0,-944.0,-916.0,-792.0,-704.0
287,287144.2846423212,-1992.0,-1960.0,-1876.0,-1608.0,-1372.0,-1304.0,-884.0,-900.0,-736.0,-716.0
288,288144.78389194596,-2020.0,-1964.0,-1824.0,-1624.0,-1408.0,-1248.0,-896.0,-932.0,-776.0,-832.0
289,289145.28314157075,-2020.0,-1924.0,-1896.0,-1688.0,-1576.0,-1168.0,-948.0,-924.0,-768.0,-796.0
290,290145.7823911956,-2016.0,-1936.0,-1920.0,-1672.0,-1488.0,-1056.0,-1020.0,-932.0,-692.0,-764.0
291,291146.2816408204,-2012.0,-1952.0,-1884.0,-1740.0,-1464.0,-1012.0,-1096.0,-992.0,-708.0,-728.0
292,292146.7808904452,-2008.0,-1960.0,-1884.0,-1712.0,-1480.0,-1004.0,-1100.0,-912.0,-728.0,-796.0
293,293147.28014007,-2000.0,-1940.0,-1848.0,-1692.0,-1552.0,-1092.0,-1000.0,-844.0,-792.0,-708.0
294,294147.77938969486,-2000.0,-1980.0,-1880.0,-1648.0,-1528.0,-1088.0,-1068.0,-904.0,-784.0,-704.0
295,295148.27863931964,-2008.0,-1952.0,-1836.0,-1668.0,-1608.0,-1128.0,-1168.0,-824.0,-756.0,-732.0
296,296148.7778889445,-1996.0,-1944.0,-1848.0,-1764.0,-1520.0,-1172.0,-1168.0,-828.0,-784.0,-656.0
297,297149.2771385693,-2016.0,-1904.0,-1836.0,-1760.0,-1524.0,-1096.0,-1016.0,-824.0,-792.0,-728.0
298,298149.77638819406,-1992.0,-1940.0,-1804.0,-1756.0,-1444.0,-1092.0,-1004.0,-844.0,-796.0,-716.0
299,299150.2756378189,-2008.0,-1952.0,-1864.0,-1788.0,-1436.0,-1160.0,-1092.0,-848.0,-860.0,-760.0
300,300150.7748874437,-1996.0,-1932.0,-1816.0,-1780.0,-1436.0,-1136.0,-1016.0,-832.0,-916.0,-784.0
301,301151.27413706854,-1940.0,-1928.0,-1804.0,-1836.0,-1500.0,-1112.0,-1044.0,-812.0,-832.0,-812.0
302,302151.7733866933,-1980.0,-1916.0,-1856.0,-1808.0,-1564.0,-1100.0,-1060.0,-732.0,-896.0,-800.0
303,303152.2726363182,-1984.0,-1940.0,-1832.0,-1680.0,-1576.0,-1044.0,-1088.0,-796.0,-896.0,-724.0
304,304152.77188594296,-1976.0,-1956.0,-1792.0,-1616.0,-1548.0,-1132.0,-1004.0,-856.0,-800.0,-756.0
305,305153.27113556775,-1944.0,-1980.0,-1844.0,-1664.0,-1596.0,-1152.0,-1044.0,-768.0,-820.0,-720.0
306,306153.7703851926,-1972.0,-2004.0,-1860.0,-1704.0,-1572.0,-1232.0,-1016.0,-776.0,-924.0,-672.0
307,307154.2696348174,-1992.0,-1984.0,-1884.0,-1696.0,-1504.0,-1344.0,-1008.0,-836.0,-964.0,-704.0
308,308154.7688844422,-2012.0,-1992.0,-1884.0,-1684.0,-1472.0,-1208.0,-1004.0,-824.0,-840.0,-684.0
309,309155.268134067,-2004.0,-1936.0,-1928.0,-1728.0,-1444.0,-1148.0,-936.0,-960.0,-820.0,-692.0
310,310155.76738369185,-1964.0,-1932.0,-1924.0,-1760.0,-1516.0,-1228.0,-1012.0,-844.0,-828.0,-716.0
311,311156.26663331664,-1980.0,-1908.0,-1868.0,-1796.0,-1508.0,-1084.0,-1068.0,-900.0,-648.0,-732.0
312,312156.7658829414,-1956.0,-1952.0,-1888.0,-1848.0,-1496.0,-1020.0,-1056.0,-892.0,-744.0,-840.0
313,313157.2651325663,-2000.0,-1960.0,-1876.0,-1852.0,-1484.0,-1100.0,-1012.0,-884.0,-848.0,-816.0
314,314157.76438219106,-1988.0,-1972.0,-1860.0,-1860.0,-1460.0,-1136.0,-1040.0,-796.0,-844.0,-836.0
315,315158.2636318159,-1992.0,-1980.0,-1896.0,-1836.0,-1488.0,-1160.0,-976.0,-888.0,-836.0,-720.0
316,316158.7628814407,-1976.0,-1960.0,-1832.0,-1788.0,-1532.0,-1060.0,-1072.0,-948.0,-876.0,-700.0
317,317159.26213106554,-2004.0,-1964.0,-1796.0,-1800.0,-1440.0,-1120.0,-1000.0,-920.0,-888.0,-760.0
318,318159.7613806903,-2012.0,-1932.0,-1876.0,-1756.0,-1464.0,-1104.0,-1004.0,-808.0,-856.0,-756.0
319,319160.26063031517,-2008.0,-1912.0,-1852.0,-1736.0,-1424.0,-1076.0,-936.0,-780.0,-812.0,-772.0
320,320160.75987993996,-2012.0,-1872.0,-1824.0,-1760.0,-1388.0,-1180.0,-976.0,-820.0,-764.0,-712.0
321,321161.25912956474,-2016.0,-1900.0,-1836.0,-1728.0,-1404.0,-1132.0,-1024.0,-936.0,-792.0,-712.0
322,322161.7583791896,-2040.0,-1952.0,-1812.0,-1788.0,-1440.0,-1064.0,-1072.0,-904.0,-860.0,-696.0
323,323162.2576288144,-2016.0,-1952.0,-1872.0,-1728.0,-1436.0,-1048.0,-1000.0,-904.0,-820.0,-772.0
324,324162.7568784392,-2016.0,-1948.0,-1812.0,-1740.0,-1460.0,-1156.0,-1028.0,-896.0,-844.0,-780.0
325,325163.256128064,-2008.0,-1920.0,-1820.0,-1724.0,-1460.0,-1064.0,-1060.0,-876.0,-828.0,-760.0
326,326163.75537768885,-2012.0,-1924.0,-1788.0,-1700.0,-1460.0,-1024.0,-1120.0,-860.0,-804.0,-704.0
327,327164.25462731364,-2020.0,-1924.0,-1792.0,-1748.0,-1380.0,-1088.0,-1124.0,-832.0,-784.0,-772.0
328,328164.7538769385,-2016.0,-1936.0,-1820.0,-1704.0,-1380.0,-1108.0,-1108.0,-892.0,-816.0,-692.0
329,329165.2531265633,-1988.0,-1924.0,-1844.0,-1736.0,-1404.0,-1124.0,-1012.0,-848.0,-820.0,-620.0
330,330165.75237618806,-2008.0,-1968.0,-1788.0,-1660.0,-1424.0,-1124.0,-956.0,-840.0,-792.0,-624.0
331,331166.2516258129,-1988.0,-1956.0,-1788.0,-1692.0,-1424.0,-1160.0,-928.0,-776.0,-884.0,-648.0
332,332166.7508754377,-2000.0,-1944.0,-1776.0,-1764.0,-1376.0,-1168.0,-944.0,-828.0,-844.0,-712.0
333,333167.25012506254,-1996.0,-1952.0,-1808.0,-1720.0,-1312.0,-1156.0,-1016.0,-784.0,-720.0,-728.0
334,334167.7493746873,-1952.0,-1932.0,-1780.0,-1712.0,-1312.0,-1204.0,-988.0,-820.0,-768.0,-728.0
335,335168.24862431217,-1960.0,-1896.0,-1812.0,-1748.0,-1356.0,-1140.0,-1012.0,-764.0,-756.0,-708.0
336,336168.74787393695,-1996.0,-1908.0,-1812.0,-1692.0,-1356.0,-1092.0,-1096.0,-828.0,-756.0,-788.0
337,337169.24712356174,-2024.0,-1900.0,-1828.0,-1708.0,-1296.0,-1148.0,-1072.0,-704.0,-696.0,-680.0
338,338169.7463731866,-2016.0,-1908.0,-1868.0,-1700.0,-1308.0,-1128.0,-952.0,-768.0,-704.0,-644.0
339,339170.2456228114,-1984.0,-1908.0,-1828.0,-1692.0,-1348.0,-1188.0,-1052.0,-748.0,-788.0,-716.0
340,340170.7448724362,-2000.0,-1904.0,-1832.0,-1688.0,-1332.0,-1236.0,-1028.0,-860.0,-740.0,-628.0
341,341171.244122061,-2032.0,-1908.0,-1852.0,-1728.0,-1348.0,-1264.0,-1056.0,-884.0,-700.0,-632.0
342,342171.74337168585,-2024.0,-1936.0,-1828.0,-1744.0,-1356.0,-1236.0,-960.0,-904.0,-788.0,-664.0
343,343172.24262131064,-2008.0,-1952.0,-1808.0,-1684.0,-1420.0,-1128.0,-1040.0,-876.0,-748.0,-784.0
344,344172.7418709354,-2008.0,-1932.0,-1832.0,-1712.0,-1344.0,-1140.0,-1048.0,-876.0,-688.0,-656.0
345,345173.24112056027,-2000.0,-1920.0,-1824.0,-1728.0,-1332.0,-1144.0,-1084.0,-856.0,-720.0,-776.0
346,346173.74037018506,-2016.0,-1892.0,-1824.0,-1740.0,-1284.0,-1072.0,-1016.0,-968.0,-708.0,-688.0
347,347174.2396198099,-2008.0,-1900.0,-1892.0,-1720.0,-1212.0,-1112.0,-920.0,-876.0,-780.0,-764.0
348,348174.7388694347,-2016.0,-1928.0,-1852.0,-1736.0,-1228.0,-1128.0,-940.0,-872.0,-744.0,-768.0
349,349175.23811905953,-1992.0,-1928.0,-1800.0,-1696.0,-1272.0,-1076.0,-972.0,-852.0,-764.0,-784.0
350,350175.7373686843,-2000.0,-1932.0,-1792.0,-1660.0,-1216.0,-1080.0,-880.0,-956.0,-680.0,-808.0
351,351176.23661830917,-2000.0,-1940.0,-1812.0,-1652.0,-1256.0,-1096.0,-948.0,-972.0,-704.0,-680.0
352,352176.73586793395,-1968.0,-1988.0,-1792.0,-1652.0,-1248.0,-1160.0,-932.0,-880.0,-732.0,-712.0
353,353177.23511755874,-2000.0,-1984.0,-1836.0,-1696.0,-1244.0,-1056.0,-896.0,-912.0,-756.0,-704.0
354,354177.7343671836,-2016.0,-1980.0,-1848.0,-1760.0,-1284.0,-1032.0,-888.0,-844.0,-828.0,-704.0
355,355178.2336168084,-2032.0,-1964.0,-1868.0,-1736.0,-1208.0,-1016.0,-908.0,-848.0,-800.0,-744.0
356,356178.7328664332,-2032.0,-1908.0,-1900.0,-1828.0,-1272.0,-992.0,-876.0,-792.0,-772.0,-764.0
357,357179.232116058,-2000.0,-1912.0,-1872.0,-1736.0,-1276.0,-1048.0,-952.0,-836.0,-720.0,-780.0
358,358179.73136568285,-1984.0,-1936.0,-1816.0,-1772.0,-1364.0,-984.0,-860.0,-876.0,-796.0,-628.0
359,359180.23061530764,-1992.0,-1964.0,-1792.0,-1756.0,-1364.0,-1044.0,-940.0,-796.0,-840.0,-612.0
360,360180.7298649325,-1984.0,-1980.0,-1784.0,-1756.0,-1488.0,-992.0,-952.0,-776.0,-916.0,-632.0
361,361181.22911455727,-1984.0,-1988.0,-1768.0,-1776.0,-1440.0,-1080.0,-968.0,-800.0,-840.0,-712.0
362,362181.72836418205,-2024.0,-1928.0,-1808.0,-1788.0,-1432.0,-1108.0,-1020.0,-820.0,-844.0,-720.0
363,363182.2276138069,-1988.0,-1928.0,-1764.0,-1796.0,-1452.0,-1128.0,-1068.0,-832.0,-712.0,-780.0
364,364182.7268634317,-1996.0,-1988.0,-1808.0,-1836.0,-1408.0,-1168.0,-988.0,-804.0,-816.0,-740.0
365,365183.22611305653,-1964.0,-2000.0,-1832.0,-1780.0,-1484.0,-1188.0,-1008.0,-828.0,-788.0,-792.0
366,366183.7253626813,-1948.0,-2008.0,-1868.0,-1844.0,-1568.0,-1196.0,-988.0,-772.0,-820.0,-788.0
367,367184.22461230616,-1968.0,-1988.0,-1868.0,-1848.0,-1572.0,-1156.0,-1004.0,-832.0,-768.0,-736.0
368,368184.72386193095,-1952.0,-1984.0,-1876.0,-1776.0,-1484.0,-1152.0,-924.0,-872.0,-860.0,-660.0
369,369185.22311155574,-1976.0,-1968.0,-1916.0,-1684.0,-1408.0,-1132.0,-1008.0,-868.0,-744.0,-716.0
370,370185.7223611806,-1992.0,-1936.0,-1880.0,-1640.0,-1480.0,-1080.0,-1004.0,-860.0,-764.0,-688.0
371,371186.22161080537,-2000.0,-1908.0,-1876.0,-1684.0,-1400.0,-1032.0,-960.0,-788.0,-728.0,-716.0
372,372186.7208604302,-1996.0,-1948.0,-1920.0,-1660.0,-1364.0,-1080.0,-1012.0,-892.0,-760.0,-660.0
373,373187.220110055,-2004.0,-1992.0,-1932.0,-1644.0,-1432.0,-1128.0,-960.0,-904.0,-784.0,-620.0
374,374187.71935967985,-2012.0,-1928.0,-1888.0,-1648.0,-1388.0,-1168.0,-1024.0,-868.0,-856.0,-704.0
375,375188.21860930463,-2000.0,-1928.0,-1896.0,-1720.0,-1440.0,-1160.0,-1092.0,-820.0,-844.0,-868.0
376,376188.7178589294,-1980.0,-1904.0,-1864.0,-1688.0,-1512.0,-1084.0,-1096.0,-816.0,-756.0,-760.0
377,377189.21710855426,-1976.0,-1944.0,-1800.0,-1740.0,-1432.0,-1140.0,-1032.0,-988.0,-836.0,-780.0
378,378189.71635817905,-1972.0,-1908.0,-1876.0,-1708.0,-1396.0,-1108.0,-944.0,-900.0,-784.0,-756.0
379,379190.2156078039,-1988.0,-1936.0,-1840.0,-1712.0,-1376.0,-1152.0,-940.0,-868.0,-780.0,-672.0
380,380190.7148574287,-1980.0,-1944.0,-1812.0,-1680.0,-1432.0,-1100.0,-920.0,-932.0,-772.0,-740.0
381,381191.2141070535,-1996.0,-1940.0,-1816.0,-1624.0,-1412.0,-1072.0,-912.0,-884.0,-788.0,-708.0
382,382191.7133566783,-2020.0,-1920.0,-1836.0,-1644.0,-1456.0,-1136.0,-904.0,-852.0,-780.0,-760.0
383,383192.21260630316,-2008.0,-1984.0,-1844.0,-1656.0,-1424.0,-1180.0,-988.0,-912.0,-872.0,-780.0
384,384192.71185592795,-2000.0,-1972.0,-1776.0,-1716.0,-1472.0,-1068.0,-936.0,-992.0,-804.0,-800.0
385,385193.21110555273,-2004.0,-1964.0,-1832.0,-1656.0,-1420.0,-1128.0,-900.0,-948.0,-820.0,-764.0
386,386193.7103551776,-2020.0,-1964.0,-1884.0,-1688.0,-1456.0,-1160.0,-944.0,-892.0,-736.0,-704.0
387,387194.20960480237,-1992.0,-1928.0,-1916.0,-1668.0,-1484.0,-1188.0,-992.0,-936.0,-780.0,-756.0
388,388194.7088544272,-1984.0,-1944.0,-1948.0,-1680.0,-1416.0,-1196.0,-952.0,-844.0,-812.0,-880.0
389,389195.208104052,-1976.0,-1928.0,-1928.0,-1676.0,-1424.0,-1176.0,-936.0,-844.0,-812.0,-752.0
390,390195.70735367684,-1968.0,-1920.0,-1896.0,-1680.0,-1392.0,-1120.0,-1004.0,-800.0,-832.0,-720.0
391,391196.20660330163,-2000.0,-1952.0,-1900.0,-1716.0,-1372.0,-1208.0,-928.0,-872.0,-876.0,-680.0
392,392196.7058529265,-2024.0,-1964.0,-1932.0,-1672.0,-1360.0,-1276.0,-960.0,-848.0,-756.0,-740.0
393,393197.20510255126,-2024.0,-1944.0,-1900.0,-1776.0,-1364.0,-1196.0,-1060.0,-844.0,-812.0,-668.0
394,394197.70435217605,-2008.0,-1928.0,-1892.0,-1836.0,-1480.0,-1148.0,-1036.0,-828.0,-748.0,-684.0
395,395198.2036018009,-2000.0,-1932.0,-1892.0,-1768.0,-1528.0,-1124.0,-1012.0,-880.0,-816.0,-756.0
396,396198.7028514257,-1972.0,-1952.0,-1840.0,-1760.0,-1436.0,-1148.0,-948.0,-868.0,-700.0,-772.0
397,397199.2021010505,-2000.0,-1936.0,-1880.0,-1724.0,-1460.0,-1104.0,-976.0,-784.0,-784.0,-724.0
398,398199.7013506753,-1984.0,-1960.0,-1832.0,-1732.0,-1492.0,-1136.0,-996.0,-884.0,-724.0,-748.0
399,399200.20060030016,-1972.0,-1916.0,-1820.0,-1740.0,-1432.0,-1176.0,-952.0,-892.0,-756.0,-776.0
400,400200.69984992495,-1992.0,-1972.0,-1872.0,-1652.0,-1360.0,-1176.0,-952.0,-928.0,-816.0,-776.0
401,401201.19909954973,-1984.0,-1968.0,-1892.0,-1600.0,-1432.0,-1176.0,-896.0,-952.0,-724.0,-724.0
402,402201.6983491746,-1984.0,-1936.0,-1964.0,-1696.0,-1396.0,-1124.0,-844.0,-960.0,-800.0,-732.0
403,403202.19759879936,-2024.0,-1956.0,-1904.0,-1676.0,-1484.0,-1096.0,-976.0,-984.0,-856.0,-744.0
404,404202.6968484242,-2004.0,-1956.0,-1864.0,-1684.0,-1396.0,-1152.0,-992.0,-904.0,-856.0,-672.0
405,405203.196098049,-1972.0,-1952.0,-1836.0,-1668.0,-1380.0,-1144.0,-920.0,-900.0,-848.0,-740.0
406,406203.69534767384,-2008.0,-1948.0,-1824.0,-1668.0,-1380.0,-1120.0,-968.0,-844.0,-860.0,-692.0
407,407204.1945972986,-1988.0,-1920.0,-1856.0,-1692.0,-1292.0,-1228.0,-912.0,-888.0,-860.0,-656.0
408,408204.6938469234,-2004.0,-1940.0,-1832.0,-1680.0,-1376.0,-1156.0,-908.0,-912.0,-880.0,-704.0
409,409205.19309654826,-1984.0,-1948.0,-1808.0,-1720.0,-1312.0,-1108.0,-992.0,-868.0,-760.0,-680.0
410,410205.69234617305,-1992.0,-1936.0,-1808.0,-1740.0,-1320.0,-1060.0,-1060.0,-852.0,-776.0,-740.0
411,411206.1915957979,-2016.0,-1904.0,-1792.0,-1788.0,-1380.0,-1104.0,-1056.0,-752.0,-752.0,-764.0
412,412206.6908454227,-2028.0,-1960.0,-1780.0,-1712.0,-1424.0,-1064.0,-1020.0,-832.0,-764.0,-700.0
413,413207.1900950475,-1996.0,-1952.0,-1808.0,-1692.0,-1452.0,-1052.0,-948.0,-872.0,-752.0,-756.0
414,414207.6893446723,-1972.0,-1920.0,-1804.0,-1720.0,-1428.0,-960.0,-840.0,-860.0,-848.0,-692.0
415,415208.18859429716,-1988.0,-1960.0,-1836.0,-1740.0,-1412.0,-1048.0,-880.0,-888.0,-792.0,-740.0
416,416208.68784392194,-2032.0,-1952.0,-1868.0,-1712.0,-1360.0,-1092.0,-920.0,-916.0,-804.0,-748.0
417,417209.18709354673,-2016.0,-1968.0,-1900.0,-1728.0,-1364.0,-1092.0,-840.0,-936.0,-856.0,-788.0
418,418209.6863431716,-2020.0,-1920.0,-1912.0,-1760.0,-1420.0,-1088.0,-852.0,-932.0,-908.0,-692.0
419,419210.18559279636,-2024.0,-1920.0,-1920.0,-1780.0,-1424.0,-1088.0,-820.0,-956.0,-872.0,-652.0
420,420210.6848424212,-2016.0,-1896.0,-1888.0,-1720.0,-1472.0,-1112.0,-836.0,-892.0,-892.0,-756.0
421,421211.184092046,-2024.0,-1892.0,-1888.0,-1724.0,-1420.0,-1152.0,-896.0,-912.0,-788.0,-740.0
422,422211.68334167084,-2040.0,-1908.0,-1832.0,-1760.0,-1388.0,-1144.0,-824.0,-1024.0,-768.0,-852.0
423,423212.1825912956,-2004.0,-1952.0,-1824.0,-1716.0,-1340.0,-1228.0,-864.0,-936.0,-720.0,-748.0
424,424212.6818409205,-2000.0,-1916.0,-1832.0,-1700.0,-1384.0,-1228.0,-932.0,-916.0,-708.0,-724.0
425,425213.18109054526,-2004.0,-1940.0,-1848.0,-1728.0,-1276.0,-1208.0,-976.0,-840.0,-696.0,-660.0
426,426213.68034017005,-2012.0,-1972.0,-1824.0,-1776.0,-1280.0,-1128.0,-1000.0,-808.0,-812.0,-672.0
427,427214.1795897949,-2000.0,-1976.0,-1792.0,-1752.0,-1272.0,-1188.0,-968.0,-960.0,-780.0,-676.0
428,428214.6788394197,-1984.0,-1944.0,-1800.0,-1768.0,-1224.0,-1128.0,-1016.0,-904.0,-836.0,-760.0
429,429215.1780890445,-2012.0,-1912.0,-1712.0,-1728.0,-1312.0,-1140.0,-1040.0,-872.0,-752.0,-748.0
430,430215.6773386693,-2000.0,-1964.0,-1828.0,-1756.0,-1312.0,-1164.0,-1000.0,-864.0,-764.0,-684.0
431,431216.17658829415,-1988.0,-1972.0,-1816.0,-1736.0,-1228.0,-1212.0,-988.0,-816.0,-796.0,-724.0
432,432216.67583791894,-1976.0,-1944.0,-1832.0,-1716.0,-1180.0,-1236.0,-944.0,-824.0,-860.0,-640.0
433,433217.1750875437,-1988.0,-1996.0,-1860.0,-1688.0,-1236.0,-1216.0,-940.0,-792.0,-776.0,-716.0
434,434217.6743371686,-2016.0,-1992.0,-1772.0,-1684.0,-1244.0,-1184.0,-908.0,-736.0,-772.0,-716.0
435,435218.17358679336,-1976.0,-1968.0,-1708.0,-1724.0,-1240.0,-1176.0,-884.0,-776.0,-848.0,-776.0
436,436218.6728364182,-2008.0,-1916.0,-1820.0,-1652.0,-1236.0,-1164.0,-908.0,-832.0,-828.0,-732.0
437,437219.172086043,-1992.0,-1888.0,-1788.0,-1656.0,-1308.0,-1100.0,-900.0,-908.0,-780.0,-792.0
438,438219.67133566784,-2000.0,-1900.0,-1752.0,-1656.0,-1332.0,-1064.0,-832.0,-804.0,-736.0,-736.0
439,439220.1705852926,-2020.0,-1944.0,-1780.0,-1640.0,-1348.0,-1060.0,-916.0,-828.0,-760.0,-712.0
440,440220.6698349174,-2024.0,-1936.0,-1808.0,-1600.0,-1384.0,-1068.0,-924.0,-824.0,-748.0,-692.0
441,441221.16908454226,-2008.0,-1964.0,-1792.0,-1604.0,-1296.0,-1100.0,-852.0,-840.0,-688.0,-784.0
442,442221.66833416704,-2008.0,-1956.0,-1764.0,-1576.0,-1340.0,-1240.0,-924.0,-880.0,-808.0,-800.0
443,443222.1675837919,-1984.0,-1932.0,-1840.0,-1604.0,-1320.0,-1196.0,-988.0,-856.0,-832.0,-720.0
444,444222.6668334167,-1984.0,-1964.0,-1748.0,-1620.0,-1256.0,-1128.0,-952.0,-800.0,-820.0,-860.0
445,445223.1660830415,-2000.0,-1972.0,-1820.0,-1600.0,-1216.0,-1164.0,-976.0,-728.0,-748.0,-888.0
446,446223.6653326663,-2008.0,-1956.0,-1848.0,-1652.0,-1148.0,-1160.0,-900.0,-804.0,-752.0,-792.0
447,447224.16458229115,-2012.0,-1952.0,-1816.0,-1676.0,-1184.0,-1212.0,-940.0,-796.0,-664.0,-828.0
448,448224.66383191594,-2016.0,-1956.0,-1836.0,-1608.0,-1164.0,-1224.0,-900.0,-928.0,-704.0,-664.0
449,449225.1630815407,-2024.0,-1924.0,-1836.0,-1708.0,-1208.0,-1196.0,-988.0,-776.0,-776.0,-736.0
450,450225.6623311656,-2000.0,-1944.0,-1856.0,-1652.0,-1172.0,-1224.0,-944.0,-912.0,-796.0,-788.0
451,451226.16158079036,-1996.0,-1952.0,-1880.0,-1628.0,-1164.0,-1260.0,-956.0,-868.0,-856.0,-736.0
452,452226.6608304152,-2016.0,-1920.0,-1880.0,-1632.0,-1212.0,-1236.0,-988.0,-840.0,-796.0,-772.0
453,453227.16008004,-1988.0,-1960.0,-1892.0,-1708.0,-1276.0,-1220.0,-1056.0,-804.0,-800.0,-820.0
454,454227.65932966484,-1988.0,-1944.0,-1860.0,-1748.0,-1316.0,-1116.0,-988.0,-804.0,-864.0,-872.0
455,455228.1585792896,-2004.0,-1880.0,-1848.0,-1712.0,-1336.0,-1140.0,-972.0,-756.0,-844.0,-800.0
456,456228.65782891447,-2012.0,-1960.0,-1868.0,-1720.0,-1292.0,-1020.0,-1004.0,-824.0,-776.0,-744.0
457,457229.15707853925,-2016.0,-1964.0,-1848.0,-1664.0,-1252.0,-1104.0,-1072.0,-832.0,-852.0,-712.0
458,458229.65632816404,-2016.0,-1948.0,-1876.0,-1644.0,-1276.0,-1136.0,-1052.0,-800.0,-824.0,-708.0
459,459230.1555777889,-1992.0,-1964.0,-1852.0,-1620.0,-1276.0,-1100.0,-1020.0,-804.0,-820.0,-720.0
460,460230.6548274137,-2024.0,-1964.0,-1900.0,-1632.0,-1264.0,-1092.0,-1020.0,-884.0,-856.0,-732.0
461,461231.1540770385,-2024.0,-1936.0,-1856.0,-1656.0,-1308.0,-1036.0,-992.0,-880.0,-832.0,-696.0
462,462231.6533266633,-2016.0,-1904.0,-1844.0,-1680.0,-1264.0,-1172.0,-972.0,-848.0,-796.0,-688.0
463,463232.15257628815,-2012.0,-1944.0,-1836.0,-1692.0,-1320.0,-1148.0,-964.0,-900.0,-816.0,-732.0
464,464232.65182591294,-2008.0,-1968.0,-1904.0,-1604.0,-1288.0,-1160.0,-916.0,-920.0,-844.0,-728.0
465,465233.1510755377,-1988.0,-1960.0,-1860.0,-1600.0,-1232.0,-1280.0,-912.0,-856.0,-768.0,-824.0
466,466233.65032516257,-2004.0,-1972.0,-1800.0,-1648.0,-1260.0,-1284.0,-820.0,-900.0,-824.0,-692.0
467,467234.14957478736,-1984.0,-1960.0,-1840.0,-1700.0,-1264.0,-1268.0,-856.0,-884.0,-892.0,-776.0
468,468234.6488244122,-2000.0,-1976.0,-1852.0,-1676.0,-1220.0,-1160.0,-936.0,-984.0,-848.0,-704.0
469,469235.148074037,-2016.0,-1980.0,-1864.0,-1652.0,-1288.0,-1156.0,-932.0,-916.0,-852.0,-728.0
470,470235.64732366183,-2020.0,-1940.0,-1820.0,-1664.0,-1352.0,-1104.0,-920.0,-848.0,-848.0,-780.0
471,471236.1465732866,-2040.0,-1976.0,-1860.0,-1716.0,-1368.0,-1064.0,-896.0,-872.0,-752.0,-764.0
472,472236.6458229114,-2016.0,-1988.0,-1796.0,-1756.0,-1360.0,-1084.0,-932.0,-908.0,-720.0,-672.0
473,473237.14507253625,-2040.0,-1964.0,-1880.0,-1776.0,-1320.0,-1128.0,-952.0,-956.0,-784.0,-688.0
474,474237.64432216104,-2004.0,-1944.0,-1836.0,-1728.0,-1304.0,-1112.0,-948.0,-872.0,-856.0,-716.0
475,475238.1435717859,-2016.0,-1956.0,-1812.0,-1728.0,-1312.0,-1180.0,-912.0,-748.0,-852.0,-716.0
476,476238.64282141067,-2024.0,-1960.0,-1820.0,-1704.0,-1268.0,-1068.0,-968.0,-812.0,-884.0,-796.0
477,477239.1420710355,-2000.0,-1968.0,-1820.0,-1764.0,-1276.0,-1156.0,-968.0,-820.0,-804.0,-844.0
478,478239.6413206603,-2016.0,-1968.0,-1836.0,-1708.0,-1268.0,-1112.0,-876.0,-780.0,-828.0,-736.0
479,479240.14057028515,-1960.0,-1968.0,-1828.0,-1712.0,-1268.0,-1224.0,-904.0,-904.0,-820.0,-788.0
480,480240.63981990993,-1968.0,-1932.0,-1840.0,-1704.0,-1244.0,-1112.0,-892.0,-968.0,-744.0,-788.0
481,481241.1390695347,-1972.0,-1952.0,-1776.0,-1744.0,-1260.0,-1072.0,-912.0,-884.0,-716.0,-720.0
482,482241.63831915957,-1992.0,-1976.0,-1804.0,-1692.0,-1248.0,-1120.0,-956.0,-988.0,-744.0,-788.0
483,483242.13756878435,-1976.0,-1976.0,-1788.0,-1680.0,-1264.0,-1104.0,-944.0,-912.0,-848.0,-764.0
484,484242.6368184092,-2004.0,-1936.0,-1804.0,-1712.0,-1368.0,-1052.0,-908.0,-932.0,-792.0,-796.0
485,485243.136068034,-1980.0,-1956.0,-1772.0,-1660.0,-1396.0,-1032.0,-876.0,-972.0,-792.0,-756.0
486,486243.63531765883,-1912.0,-1952.0,-1752.0,-1632.0,-1352.0,-940.0,-944.0,-936.0,-804.0,-792.0
487,487244.1345672836,-1964.0,-1944.0,-1780.0,-1644.0,-1320.0,-1080.0,-1020.0,-972.0,-792.0,-792.0
488,488244.63381690846,-1996.0,-1900.0,-1788.0,-1688.0,-1340.0,-1052.0,-960.0,-924.0,-756.0,-640.0
489,489245.13306653325,-1996.0,-1936.0,-1764.0,-1676.0,-1332.0,-1116.0,-964.0,-848.0,-872.0,-756.0
490,490245.63231615804,-2000.0,-1928.0,-1704.0,-1648.0,-1320.0,-1052.0,-1004.0,-960.0,-696.0,-860.0
491,491246.1315657829,-2000.0,-1912.0,-1716.0,-1616.0,-1304.0,-1036.0,-988.0,-824.0,-764.0,-752.0
492,492246.63081540767,-1996.0,-1960.0,-1696.0,-1660.0,-1300.0,-1120.0,-952.0,-768.0,-780.0,-688.0
493,493247.1300650325,-2020.0,-1964.0,-1800.0,-1648.0,-1332.0,-1100.0,-956.0,-920.0,-856.0,-708.0
494,494247.6293146573,-2000.0,-1944.0,-1780.0,-1672.0,-1344.0,-1124.0,-1004.0,-920.0,-772.0,-724.0
495,495248.12856428215,-1996.0,-1912.0,-1860.0,-1668.0,-1376.0,-1144.0,-996.0,-912.0,-780.0,-708.0
496,496248.62781390693,-1964.0,-1956.0,-1820.0,-1652.0,-1380.0,-1068.0,-952.0,-884.0,-764.0,-712.0
497,497249.1270635317,-1984.0,-1940.0,-1856.0,-1648.0,-1344.0,-1128.0,-900.0,-872.0,-760.0,-704.0
498,498249.62631315656,-1968.0,-1928.0,-1816.0,-1652.0,-1280.0,-1084.0,-996.0,-860.0,-752.0,-708.0
499,499250.12556278135,-1944.0,-1888.0,-1832.0,-1736.0,-1272.0,-1080.0,-984.0,-880.0,-696.0,-784.0
500,500250.6248124062,-1948.0,-1920.0,-1812.0,-1672.0,-1336.0,-1136.0,-976.0,-904.0,-680.0,-728.0
501,501251.124062031,-1944.0,-1912.0,-1860.0,-1692.0,-1292.0,-1108.0,-1004.0,-876.0,-784.0,-840.0
502,502251.6233116558,-1992.0,-1876.0,-1868.0,-1652.0,-1248.0,-1084.0,-1008.0,-932.0,-864.0,-768.0
503,503252.1225612806,-2004.0,-1900.0,-1852.0,-1720.0,-1244.0,-1052.0,-972.0,-896.0,-796.0,-816.0
504,504252.6218109054,-2012.0,-1932.0,-1856.0,-1696.0,-1336.0,-1096.0,-936.0,-848.0,-808.0,-720.0
505,505253.12106053025,-2008.0,-1948.0,-1860.0,-1696.0,-1276.0,-1036.0,-1028.0,-808.0,-732.0,-780.0
506,506253.62031015503,-1996.0,-1976.0,-1860.0,-1712.0,-1348.0,-1064.0,-984.0,-788.0,-840.0,-720.0
507,507254.1195597799,-2016.0,-1976.0,-1840.0,-1700.0,-1456.0,-1084.0,-984.0,-804.0,-832.0,-760.0
508,508254.61880940467,-2016.0,-1980.0,-1876.0,-1648.0,-1440.0,-1052.0,-888.0,-832.0,-844.0,-732.0
509,509255.1180590295,-2024.0,-1932.0,-1876.0,-1668.0,-1400.0,-1124.0,-788.0,-832.0,-792.0,-728.0
510,510255.6173086543,-2008.0,-1920.0,-1908.0,-1672.0,-1396.0,-1112.0,-876.0,-904.0,-808.0,-748.0
511,511256.11655827914,-2024.0,-1956.0,-1876.0,-1648.0,-1400.0,-1124.0,-888.0,-828.0,-740.0,-716.0
512,512256.61580790393,-2008.0,-1968.0,-1912.0,-1656.0,-1332.0,-1112.0,-844.0,-876.0,-764.0,-768.0
513,513257.1150575287,-2000.0,-1944.0,-1880.0,-1660.0,-1240.0,-1136.0,-912.0,-824.0,-820.0,-772.0
514,514257.61430715356,-1988.0,-1972.0,-1892.0,-1664.0,-1256.0,-1068.0,-940.0,-836.0,-800.0,-784.0
515,515258.11355677835,-1992.0,-1920.0,-1876.0,-1672.0,-1288.0,-1060.0,-940.0,-772.0,-820.0,-812.0
516,516258.6128064032,-1968.0,-1952.0,-1872.0,-1672.0,-1308.0,-1156.0,-944.0,-896.0,-760.0,-752.0
517,517259.112056028,-1992.0,-1968.0,-1876.0,-1668.0,-1320.0,-1152.0,-972.0,-868.0,-784.0,-760.0
518,518259.6113056528,-1988.0,-1980.0,-1948.0,-1768.0,-1356.0,-1172.0,-1000.0,-832.0,-776.0,-716.0
519,519260.1105552776,-2000.0,-1976.0,-1952.0,-1716.0,-1280.0,-1144.0,-996.0,-896.0,-816.0,-728.0
520,520260.60980490246,-2004.0,-1920.0,-1860.0,-1720.0,-1304.0,-1168.0,-972.0,-928.0,-828.0,-644.0
521,521261.10905452725,-1984.0,-1888.0,-1892.0,-1736.0,-1332.0,-1160.0,-956.0,-880.0,-828.0,-752.0
522,522261.60830415203,-2008.0,-1924.0,-1924.0,-1628.0,-1336.0,-1196.0,-1016.0,-880.0,-892.0,-700.0
523,523262.1075537769,-1980.0,-1876.0,-1852.0,-1696.0,-1372.0,-1248.0,-968.0,-876.0,-812.0,-676.0
524,524262.60680340166,-2000.0,-1888.0,-1908.0,-1680.0,-1396.0,-1212.0,-892.0,-872.0,-764.0,-744.0
525,525263.1060530265,-2004.0,-1960.0,-1928.0,-1636.0,-1404.0,-1252.0,-992.0,-900.0,-792.0,-800.0
526,526263.6053026513,-2012.0,-1940.0,-1864.0,-1660.0,-1428.0,-1168.0,-984.0,-964.0,-832.0,-688.0
527,527264.1045522761,-2012.0,-1952.0,-1860.0,-1632.0,-1512.0,-1152.0,-1016.0,-916.0,-760.0,-652.0
528,528264.603801901,-2012.0,-1944.0,-1816.0,-1652.0,-1404.0,-1140.0,-1000.0,-968.0,-828.0,-632.0
529,529265.1030515258,-2016.0,-1948.0,-1844.0,-1620.0,-1448.0,-1164.0,-1028.0,-920.0,-824.0,-632.0
530,530265.6023011506,-1996.0,-1952.0,-1860.0,-1684.0,-1468.0,-1208.0,-964.0,-892.0,-848.0,-756.0
531,531266.1015507753,-1984.0,-1984.0,-1848.0,-1768.0,-1452.0,-1148.0,-908.0,-848.0,-816.0,-664.0
532,532266.6008004001,-2000.0,-1972.0,-1880.0,-1784.0,-1476.0,-1124.0,-876.0,-852.0,-844.0,-736.0
533,533267.100050025,-2008.0,-1940.0,-1880.0,-1680.0,-1472.0,-1048.0,-860.0,-832.0,-816.0,-768.0
534,534267.5992996498,-1996.0,-1956.0,-1848.0,-1636.0,-1468.0,-1060.0,-892.0,-804.0,-816.0,-700.0
535,535268.0985492746,-2012.0,-1956.0,-1836.0,-1584.0,-1424.0,-1084.0,-900.0,-840.0,-768.0,-780.0
536,536268.5977988994,-2012.0,-1940.0,-1852.0,-1580.0,-1468.0,-1072.0,-992.0,-956.0,-820.0,-776.0
537,537269.0970485242,-1976.0,-1912.0,-1836.0,-1524.0,-1484.0,-1088.0,-984.0,-936.0,-816.0,-728.0
538,538269.5962981491,-1988.0,-1884.0,-1872.0,-1548.0,-1440.0,-1068.0,-932.0,-996.0,-796.0,-664.0
539,539270.0955477739,-1968.0,-1856.0,-1864.0,-1584.0,-1384.0,-1068.0,-972.0,-824.0,-820.0,-688.0
540,540270.5947973987,-1952.0,-1832.0,-1916.0,-1616.0,-1400.0,-1068.0,-836.0,-828.0,-792.0,-772.0
541,541271.0940470234,-1980.0,-1904.0,-1924.0,-1676.0,-1364.0,-1112.0,-944.0,-908.0,-872.0,-728.0
542,542271.5932966484,-2016.0,-1892.0,-1932.0,-1656.0,-1316.0,-1188.0,-980.0,-892.0,-852.0,-648.0
543,543272.0925462731,-2024.0,-1948.0,-1924.0,-1656.0,-1396.0,-1100.0,-1052.0,-900.0,-824.0,-624.0
544,544272.5917958979,-2008.0,-1936.0,-1896.0,-1680.0,-1280.0,-1044.0,-920.0,-920.0,-828.0,-712.0
545,545273.0910455227,-1956.0,-1940.0,-1888.0,-1696.0,-1300.0,-1080.0,-884.0,-900.0,-812.0,-712.0
546,546273.5902951475,-2000.0,-1952.0,-1904.0,-1676.0,-1392.0,-1080.0,-976.0,-844.0,-780.0,-740.0
547,547274.0895447724,-2012.0,-1944.0,-1860.0,-1660.0,-1460.0,-1000.0,-948.0,-932.0,-704.0,-692.0
548,548274.5887943972,-2008.0,-1936.0,-1904.0,-1716.0,-1392.0,-1128.0,-948.0,-968.0,-796.0,-900.0
549,549275.088044022,-2016.0,-1968.0,-1896.0,-1712.0,-1348.0,-1176.0,-1036.0,-896.0,-840.0,-836.0
550,550275.5872936468,-1976.0,-1956.0,-1908.0,-1664.0,-1420.0,-1220.0,-968.0,-932.0,-736.0,-772.0
551,551276.0865432717,-1984.0,-1964.0,-1884.0,-1716.0,-1392.0,-1204.0,-960.0,-932.0,-708.0,-756.0
552,552276.5857928965,-1976.0,-1964.0,-1860.0,-1620.0,-1388.0,-1196.0,-964.0,-956.0,-732.0,-700.0
553,553277.0850425212,-2000.0,-1940.0,-1872.0,-1604.0,-1364.0,-1156.0,-928.0,-904.0,-792.0,-832.0
554,554277.584292146,-2000.0,-1928.0,-1848.0,-1676.0,-1404.0,-1136.0,-908.0,-904.0,-828.0,-808.0
555,555278.0835417708,-1992.0,-1992.0,-1884.0,-1728.0,-1372.0,-1124.0,-908.0,-796.0,-692.0,-780.0
556,556278.5827913957,-2012.0,-1968.0,-1848.0,-1660.0,-1388.0,-1112.0,-836.0,-852.0,-712.0,-744.0
557,557279.0820410205,-2000.0,-1988.0,-1812.0,-1692.0,-1288.0,-1140.0,-916.0,-884.0,-760.0,-600.0
558,558279.5812906453,-2016.0,-1964.0,-1852.0,-1700.0,-1368.0,-1168.0,-964.0,-812.0,-668.0,-664.0
559,559280.0805402701,-2016.0,-1964.0,-1820.0,-1616.0,-1292.0,-1188.0,-976.0,-784.0,-720.0,-744.0
560,560280.5797898949,-2008.0,-1940.0,-1824.0,-1696.0,-1332.0,-1212.0,-1000.0,-872.0,-780.0,-708.0
561,561281.0790395198,-2016.0,-1944.0,-1840.0,-1712.0,-1224.0,-1100.0,-1000.0,-904.0,-808.0,-660.0
562,562281.5782891446,-1992.0,-1948.0,-1860.0,-1708.0,-1228.0,-1196.0,-1104.0,-852.0,-740.0,-684.0
563,563282.0775387693,-1988.0,-1884.0,-1836.0,-1676.0,-1288.0,-1228.0,-1096.0,-800.0,-716.0,-680.0
564,564282.5767883941,-1972.0,-1868.0,-1900.0,-1656.0,-1212.0,-1156.0,-1072.0,-892.0,-784.0,-868.0
565,565283.076038019,-2016.0,-1920.0,-1872.0,-1736.0,-1204.0,-1120.0,-1048.0,-884.0,-876.0,-820.0
566,566283.5752876438,-1996.0,-1896.0,-1832.0,-1740.0,-1280.0,-1136.0,-1088.0,-856.0,-864.0,-764.0
567,567284.0745372686,-1992.0,-1972.0,-1892.0,-1764.0,-1224.0,-1172.0,-1016.0,-860.0,-856.0,-744.0
568,568284.5737868934,-2024.0,-1952.0,-1896.0,-1712.0,-1244.0,-1220.0,-1100.0,-760.0,-904.0,-636.0
569,569285.0730365182,-2024.0,-2012.0,-1872.0,-1772.0,-1332.0,-1140.0,-1060.0,-768.0,-732.0,-664.0
570,570285.5722861431,-1992.0,-1960.0,-1868.0,-1664.0,-1360.0,-1192.0,-940.0,-816.0,-708.0,-772.0
571,571286.0715357679,-2000.0,-1952.0,-1856.0,-1652.0,-1336.0,-1148.0,-956.0,-820.0,-696.0,-792.0
572,572286.5707853927,-2004.0,-1980.0,-1820.0,-1692.0,-1332.0,-1184.0,-1008.0,-856.0,-696.0,-792.0
573,573287.0700350174,-2000.0,-1960.0,-1872.0,-1752.0,-1324.0,-1212.0,-896.0,-884.0,-760.0,-768.0
574,574287.5692846423,-2016.0,-1944.0,-1876.0,-1736.0,-1284.0,-1196.0,-968.0,-908.0,-760.0,-748.0
575,575288.0685342671,-2024.0,-1924.0,-1828.0,-1684.0,-1340.0,-1232.0,-1008.0,-912.0,-812.0,-836.0
576,576288.5677838919,-1996.0,-1936.0,-1752.0,-1704.0,-1332.0,-1176.0,-928.0,-1036.0,-808.0,-800.0
577,577289.0670335167,-2000.0,-1884.0,-1768.0,-1708.0,-1412.0,-1156.0,-860.0,-952.0,-872.0,-716.0
578,578289.5662831415,-2008.0,-1920.0,-1808.0,-1636.0,-1412.0,-1200.0,-908.0,-916.0,-844.0,-764.0
579,579290.0655327664,-2000.0,-1944.0,-1852.0,-1648.0,-1292.0,-1212.0,-896.0,-864.0,-804.0,-788.0
580,580290.5647823912,-1988.0,-1908.0,-1828.0,-1672.0,-1348.0,-1228.0,-936.0,-932.0,-848.0,-696.0
581,581291.064032016,-1996.0,-1932.0,-1720.0,-1656.0,-1304.0,-1156.0,-948.0,-936.0,-860.0,-756.0
582,582291.5632816408,-2004.0,-1964.0,-1740.0,-1608.0,-1376.0,-1148.0,-972.0,-924.0,-872.0,-692.0
583,583292.0625312657,-2008.0,-1988.0,-1816.0,-1580.0,-1376.0,-1156.0,-928.0,-836.0,-840.0,-708.0
584,584292.5617808904,-1984.0,-1948.0,-1828.0,-1632.0,-1428.0,-1028.0,-952.0,-788.0,-860.0,-736.0
585,585293.0610305152,-1972.0,-1940.0,-1856.0,-1652.0,-1440.0,-1140.0,-940.0,-876.0,-848.0,-684.0
586,586293.56028014,-1972.0,-1964.0,-1828.0,-1648.0,-1456.0,-1152.0,-992.0,-896.0,-888.0,-736.0
587,587294.0595297648,-1996.0,-1956.0,-1828.0,-1628.0,-1476.0,-1156.0,-1004.0,-872.0,-772.0,-772.0
588,588294.5587793897,-1988.0,-1976.0,-1828.0,-1636.0,-1468.0,-1132.0,-872.0,-912.0,-832.0,-808.0
589,589295.0580290145,-1988.0,-1972.0,-1868.0,-1632.0,-1480.0,-1144.0,-880.0,-956.0,-796.0,-832.0
590,590295.5572786393,-1988.0,-1936.0,-1872.0,-1664.0,-1448.0,-1144.0,-952.0,-924.0,-724.0,-752.0
591,591296.0565282641,-1980.0,-1996.0,-1792.0,-1688.0,-1416.0,-1140.0,-928.0,-820.0,-752.0,-840.0
592,592296.555777889,-1984.0,-1956.0,-1772.0,-1708.0,-1416.0,-1176.0,-956.0,-904.0,-792.0,-736.0
593,593297.0550275138,-1968.0,-1936.0,-1800.0,-1676.0,-1396.0,-1140.0,-968.0,-856.0,-904.0,-720.0
594,594297.5542771386,-1992.0,-1996.0,-1752.0,-1708.0,-1424.0,-1128.0,-992.0,-884.0,-836.0,-760.0
595,595298.0535267633,-1984.0,-2000.0,-1748.0,-1732.0,-1416.0,-1096.0,-1024.0,-904.0,-856.0,-792.0
596,596298.5527763881,-1972.0,-1984.0,-1688.0,-1696.0,-1368.0,-1092.0,-1004.0,-780.0,-832.0,-748.0
597,597299.052026013,-1996.0,-1968.0,-1684.0,-1704.0,-1384.0,-1076.0,-1052.0,-804.0,-776.0,-760.0
598,598299.5512756378,-1996.0,-1900.0,-1772.0,-1692.0,-1428.0,-1176.0,-1008.0,-760.0,-804.0,-768.0
599,599300.0505252626,-2000.0,-1936.0,-1740.0,-1676.0,-1432.0,-1072.0,-1052.0,-880.0,-760.0,-752.0
600,600300.5497748874,-2008.0,-1944.0,-1764.0,-1632.0,-1460.0,-1124.0,-1120.0,-1028.0,-772.0,-712.0
601,601301.0490245122,-2004.0,-1952.0,-1796.0,-1652.0,-1348.0,-1216.0,-1040.0,-984.0,-800.0,-680.0
602,602301.5482741371,-2016.0,-1920.0,-1812.0,-1640.0,-1324.0,-1168.0,-1060.0,-1060.0,-772.0,-720.0
603,603302.0475237619,-2024.0,-1936.0,-1776.0,-1660.0,-1368.0,-1096.0,-1084.0,-932.0,-856.0,-688.0
604,604302.5467733867,-2000.0,-1968.0,-1840.0,-1624.0,-1428.0,-1152.0,-1016.0,-952.0,-780.0,-732.0
605,605303.0460230114,-1992.0,-1988.0,-1876.0,-1648.0,-1404.0,-1160.0,-1008.0,-984.0,-852.0,-756.0
606,606303.5452726363,-2004.0,-1956.0,-1860.0,-1620.0,-1336.0,-1156.0,-1008.0,-880.0,-776.0,-724.0
607,607304.0445222611,-1984.0,-1928.0,-1864.0,-1604.0,-1360.0,-1128.0,-1036.0,-916.0,-820.0,-792.0
608,608304.5437718859,-1984.0,-1928.0,-1880.0,-1604.0,-1316.0,-1152.0,-1020.0,-896.0,-716.0,-804.0
609,609305.0430215107,-1948.0,-1880.0,-1920.0,-1648.0,-1372.0,-1060.0,-928.0,-868.0,-768.0,-724.0
610,610305.5422711355,-1992.0,-1860.0,-1888.0,-1668.0,-1388.0,-1128.0,-968.0,-832.0,-828.0,-720.0
611,611306.0415207604,-1984.0,-1932.0,-1812.0,-1660.0,-1368.0,-1092.0,-988.0,-796.0,-808.0,-668.0
612,612306.5407703852,-2012.0,-1960.0,-1860.0,-1644.0,-1340.0,-1080.0,-980.0,-892.0,-784.0,-704.0
613,613307.04002001,-2004.0,-1916.0,-1860.0,-1696.0,-1292.0,-1060.0,-976.0,-776.0,-680.0,-800.0
614,614307.5392696348,-1960.0,-1916.0,-1856.0,-1744.0,-1292.0,-1100.0,-1000.0,-728.0,-760.0,-648.0
615,615308.0385192597,-2000.0,-1948.0,-1844.0,-1752.0,-1304.0,-1104.0,-924.0,-828.0,-756.0,-664.0
616,616308.5377688844,-2016.0,-1952.0,-1836.0,-1816.0,-1360.0,-1176.0,-1024.0,-872.0,-884.0,-660.0
617,617309.0370185092,-1984.0,-1936.0,-1888.0,-1796.0,-1296.0,-1212.0,-1028.0,-920.0,-756.0,-640.0
618,618309.536268134,-1992.0,-1952.0,-1864.0,-1720.0,-1304.0,-1192.0,-984.0,-900.0,-832.0,-640.0
619,619310.0355177588,-2032.0,-1912.0,-1820.0,-1804.0,-1352.0,-1172.0,-956.0,-864.0,-688.0,-720.0
620,620310.5347673837,-2016.0,-1968.0,-1788.0,-1808.0,-1268.0,-1072.0,-1068.0,-840.0,-728.0,-748.0
621,621311.0340170085,-2024.0,-1960.0,-1820.0,-1788.0,-1208.0,-1068.0,-1108.0,-904.0,-724.0,-832.0
622,622311.5332666333,-1988.0,-1908.0,-1892.0,-1828.0,-1264.0,-1136.0,-1176.0,-864.0,-820.0,-808.0
623,623312.0325162581,-1988.0,-1948.0,-1872.0,-1836.0,-1296.0,-1148.0,-996.0,-916.0,-840.0,-756.0
624,624312.5317658829,-2008.0,-1956.0,-1848.0,-1864.0,-1316.0,-1168.0,-1004.0,-884.0,-748.0,-732.0
625,625313.0310155078,-1984.0,-1932.0,-1868.0,-1804.0,-1312.0,-1184.0,-1056.0,-880.0,-840.0,-760.0
626,626313.5302651325,-1992.0,-1916.0,-1840.0,-1744.0,-1304.0,-1164.0,-1112.0,-808.0,-792.0,-748.0
627,627314.0295147573,-1972.0,-1968.0,-1808.0,-1764.0,-1288.0,-1180.0,-1056.0,-872.0,-836.0,-732.0
628,628314.5287643821,-2000.0,-1944.0,-1872.0,-1832.0,-1320.0,-1192.0,-1048.0,-900.0,-868.0,-652.0
629,629315.028014007,-1992.0,-1916.0,-1852.0,-1800.0,-1384.0,-1128.0,-1040.0,-872.0,-852.0,-652.0
630,630315.5272636318,-1972.0,-1968.0,-1904.0,-1852.0,-1328.0,-1108.0,-1040.0,-748.0,-856.0,-736.0
631,631316.0265132566,-2016.0,-1980.0,-1956.0,-1816.0,-1312.0,-1180.0,-1020.0,-716.0,-820.0,-764.0
632,632316.5257628814,-2012.0,-1948.0,-1892.0,-1776.0,-1320.0,-1132.0,-956.0,-800.0,-768.0,-664.0
633,633317.0250125062,-2000.0,-1984.0,-1848.0,-1820.0,-1396.0,-1120.0,-1048.0,-884.0,-708.0,-724.0
634,634317.5242621311,-2008.0,-1964.0,-1888.0,-1744.0,-1328.0,-1020.0,-1060.0,-868.0,-704.0,-752.0
635,635318.0235117559,-1964.0,-1960.0,-1892.0,-1748.0,-1356.0,-1148.0,-1072.0,-928.0,-796.0,-732.0
636,636318.5227613806,-1976.0,-1972.0,-1844.0,-1720.0,-1392.0,-1148.0,-1092.0,-904.0,-740.0,-820.0
637,637319.0220110054,-2016.0,-1940.0,-1784.0,-1736.0,-1460.0,-1156.0,-1112.0,-952.0,-820.0,-720.0
638,638319.5212606303,-1988.0,-1972.0,-1768.0,-1752.0,-1356.0,-1176.0,-1020.0,-880.0,-728.0,-728.0
639,639320.0205102551,-2012.0,-1940.0,-1768.0,-1728.0,-1324.0,-1160.0,-992.0,-880.0,-728.0,-668.0
640,640320.5197598799,-2020.0,-1964.0,-1760.0,-1716.0,-1324.0,-1112.0,-1020.0,-960.0,-708.0,-712.0
641,641321.0190095047,-2016.0,-1952.0,-1804.0,-1752.0,-1320.0,-1136.0,-1068.0,-956.0,-732.0,-716.0
642,642321.5182591295,-1992.0,-1936.0,-1840.0,-1752.0,-1316.0,-1152.0,-1056.0,-904.0,-808.0,-784.0
643,643322.0175087544,-2000.0,-1948.0,-1832.0,-1732.0,-1288.0,-1120.0,-992.0,-936.0,-836.0,-740.0
644,644322.5167583792,-1992.0,-1912.0,-1832.0,-1664.0,-1276.0,-1180.0,-1032.0,-896.0,-904.0,-708.0
645,645323.016008004,-2020.0,-1888.0,-1852.0,-1716.0,-1336.0,-1148.0,-1032.0,-848.0,-768.0,-756.0
646,646323.5152576288,-2020.0,-1932.0,-1816.0,-1692.0,-1292.0,-1132.0,-988.0,-916.0,-732.0,-792.0
647,647324.0145072537,-2000.0,-1948.0,-1796.0,-1708.0,-1328.0,-1080.0,-940.0,-920.0,-836.0,-756.0
648,648324.5137568784,-1976.0,-1960.0,-1844.0,-1648.0,-1424.0,-1088.0,-956.0,-908.0,-748.0,-660.0
649,649325.0130065032,-1992.0,-1924.0,-1864.0,-1596.0,-1372.0,-1072.0,-972.0,-880.0,-812.0,-704.0
650,650325.512256128,-1968.0,-1916.0,-1844.0,-1600.0,-1320.0,-1040.0,-952.0,-864.0,-836.0,-760.0
651,651326.0115057528,-1968.0,-1920.0,-1880.0,-1692.0,-1316.0,-1056.0,-968.0,-876.0,-804.0,-656.0
652,652326.5107553777,-1980.0,-1932.0,-1868.0,-1700.0,-1276.0,-1068.0,-976.0,-856.0,-792.0,-672.0
653,653327.0100050025,-2032.0,-1920.0,-1936.0,-1696.0,-1376.0,-1036.0,-1008.0,-744.0,-844.0,-636.0
654,654327.5092546273,-2032.0,-1984.0,-1948.0,-1764.0,-1416.0,-1132.0,-1004.0,-760.0,-772.0,-704.0
655,655328.0085042521,-2032.0,-2000.0,-1892.0,-1748.0,-1528.0,-1108.0,-940.0,-780.0,-712.0,-708.0
656,656328.507753877,-2024.0,-1932.0,-1880.0,-1732.0,-1504.0,-1100.0,-960.0,-824.0,-736.0,-696.0
657,657329.0070035018,-2040.0,-1952.0,-1876.0,-1668.0,-1508.0,-1112.0,-936.0,-848.0,-824.0,-760.0
658,658329.5062531265,-2016.0,-1960.0,-1852.0,-1616.0,-1440.0,-1124.0,-920.0,-852.0,-836.0,-740.0
659,659330.0055027513,-2016.0,-1988.0,-1892.0,-1568.0,-1400.0,-1128.0,-1020.0,-852.0,-796.0,-776.0
660,660330.5047523761,-1972.0,-1984.0,-1812.0,-1652.0,-1428.0,-1140.0,-1036.0,-840.0,-800.0,-708.0
661,661331.004002001,-1980.0,-1944.0,-1840.0,-1704.0,-1436.0,-1084.0,-972.0,-832.0,-752.0,-716.0
662,662331.5032516258,-2008.0,-1952.0,-1772.0,-1704.0,-1480.0,-1124.0,-1028.0,-812.0,-776.0,-704.0
663,663332.0025012506,-1996.0,-1952.0,-1772.0,-1652.0,-1428.0,-1092.0,-1104.0,-856.0,-692.0,-744.0
664,664332.5017508754,-1984.0,-1920.0,-1812.0,-1628.0,-1440.0,-1104.0,-1136.0,-820.0,-816.0,-756.0
665,665333.0010005002,-1996.0,-1948.0,-1808.0,-1700.0,-1424.0,-1060.0,-956.0,-860.0,-848.0,-804.0
666,666333.5002501251,-2008.0,-1920.0,-1864.0,-1772.0,-1456.0,-1140.0,-892.0,-784.0,-752.0,-800.0
667,667333.9994997499,-2004.0,-1940.0,-1868.0,-1748.0,-1480.0,-1116.0,-924.0,-748.0,-888.0,-672.0
668,668334.4987493746,-1992.0,-1944.0,-1860.0,-1788.0,-1496.0,-1156.0,-952.0,-692.0,-924.0,-732.0
669,669334.9979989994,-2012.0,-1960.0,-1844.0,-1796.0,-1460.0,-1028.0,-976.0,-764.0,-848.0,-700.0
670,670335.4972486243,-2032.0,-1944.0,-1788.0,-1756.0,-1456.0,-1064.0,-928.0,-796.0,-824.0,-732.0
671,671335.9964982491,-2008.0,-1920.0,-1864.0,-1748.0,-1484.0,-992.0,-912.0,-840.0,-788.0,-672.0
672,672336.4957478739,-2016.0,-1936.0,-1904.0,-1800.0,-1496.0,-1080.0,-960.0,-808.0,-788.0,-724.0
673,673336.9949974987,-2004.0,-1912.0,-1844.0,-1760.0,-1456.0,-1020.0,-952.0,-908.0,-856.0,-732.0
674,674337.4942471235,-1996.0,-1908.0,-1848.0,-1740.0,-1440.0,-1048.0,-940.0,-852.0,-820.0,-816.0
675,675337.9934967484,-2008.0,-1888.0,-1840.0,-1776.0,-1376.0,-1016.0,-1040.0,-820.0,-780.0,-816.0
676,676338.4927463732,-1984.0,-1928.0,-1816.0,-1744.0,-1352.0,-928.0,-968.0,-804.0,-716.0,-800.0
677,677338.991995998,-2000.0,-1924.0,-1852.0,-1776.0,-1404.0,-996.0,-972.0,-852.0,-728.0,-692.0
678,678339.4912456227,-1992.0,-1988.0,-1872.0,-1800.0,-1336.0,-1008.0,-1028.0,-784.0,-768.0,-724.0
679,679339.9904952476,-1988.0,-1992.0,-1852.0,-1708.0,-1424.0,-996.0,-988.0,-800.0,-860.0,-696.0
680,680340.4897448724,-2000.0,-1944.0,-1868.0,-1740.0,-1392.0,-1048.0,-1020.0,-832.0,-764.0,-808.0
681,681340.9889944972,-2000.0,-1916.0,-1864.0,-1820.0,-1492.0,-1088.0,-1000.0,-900.0,-804.0,-756.0
682,682341.488244122,-1976.0,-1944.0,-1808.0,-1860.0,-1536.0,-1104.0,-988.0,-896.0,-764.0,-728.0
683,683341.9874937468,-1964.0,-1940.0,-1868.0,-1832.0,-1544.0,-1064.0,-968.0,-912.0,-772.0,-736.0
684,684342.4867433717,-2000.0,-1840.0,-1836.0,-1744.0,-1540.0,-1140.0,-1000.0,-832.0,-796.0,-696.0
685,685342.9859929965,-1976.0,-1860.0,-1852.0,-1640.0,-1592.0,-1224.0,-936.0,-880.0,-808.0,-744.0
686,686343.4852426213,-2000.0,-1936.0,-1868.0,-1708.0,-1604.0,-1232.0,-932.0,-812.0,-780.0,-756.0
687,687343.9844922461,-1988.0,-1928.0,-1880.0,-1704.0,-1604.0,-1292.0,-1000.0,-828.0,-752.0,-752.0
688,688344.4837418708,-1972.0,-1940.0,-1848.0,-1620.0,-1552.0,-1184.0,-988.0,-944.0,-668.0,-736.0
689,689344.9829914958,-1980.0,-1972.0,-1816.0,-1624.0,-1548.0,-1160.0,-960.0,-920.0,-724.0,-768.0
690,690345.4822411205,-2016.0,-1984.0,-1824.0,-1608.0,-1564.0,-1212.0,-1036.0,-940.0,-832.0,-808.0
691,691345.9814907453,-2032.0,-1996.0,-1836.0,-1640.0,-1480.0,-1200.0,-872.0,-1044.0,-776.0,-760.0
692,692346.4807403701,-2008.0,-1988.0,-1888.0,-1672.0,-1400.0,-1180.0,-812.0,-984.0,-932.0,-696.0
693,693346.979989995,-2028.0,-1960.0,-1928.0,-1708.0,-1392.0,-1008.0,-868.0,-932.0,-936.0,-680.0
694,694347.4792396198,-1988.0,-1940.0,-1956.0,-1692.0,-1388.0,-1072.0,-960.0,-936.0,-880.0,-596.0
695,695347.9784892446,-2000.0,-1924.0,-1892.0,-1644.0,-1476.0,-1088.0,-1008.0,-892.0,-852.0,-632.0
696,696348.4777388694,-1996.0,-2008.0,-1892.0,-1648.0,-1532.0,-1112.0,-916.0,-812.0,-792.0,-708.0
697,697348.9769884942,-1996.0,-1988.0,-1864.0,-1632.0,-1488.0,-1100.0,-956.0,-832.0,-756.0,-640.0
698,698349.4762381191,-1964.0,-1964.0,-1812.0,-1684.0,-1440.0,-1020.0,-1000.0,-924.0,-828.0,-664.0
699,699349.9754877439,-2004.0,-1940.0,-1852.0,-1656.0,-1488.0,-1092.0,-1000.0,-888.0,-712.0,-708.0
700,700350.4747373686,-1972.0,-1972.0,-1888.0,-1692.0,-1380.0,-1036.0,-980.0,-852.0,-788.0,-608.0
701,701350.9739869934,-1984.0,-1920.0,-1852.0,-1668.0,-1456.0,-1032.0,-1024.0,-824.0,-788.0,-736.0
702,702351.4732366183,-2008.0,-1936.0,-1840.0,-1704.0,-1436.0,-1032.0,-1116.0,-872.0,-808.0,-716.0
703,703351.9724862431,-1972.0,-1964.0,-1896.0,-1696.0,-1468.0,-1100.0,-1088.0,-976.0,-800.0,-844.0
704,704352.4717358679,-1992.0,-1960.0,-1872.0,-1664.0,-1416.0,-1136.0,-1108.0,-980.0,-824.0,-776.0
705,705352.9709854927,-1988.0,-2000.0,-1912.0,-1664.0,-1360.0,-1144.0,-1116.0,-960.0,-808.0,-632.0
706,706353.4702351175,-1976.0,-1948.0,-1884.0,-1700.0,-1476.0,-1076.0,-1100.0,-996.0,-772.0,-576.0
707,707353.9694847424,-1988.0,-1940.0,-1872.0,-1772.0,-1520.0,-1132.0,-1064.0,-948.0,-844.0,-656.0
708,708354.4687343672,-1976.0,-1956.0,-1888.0,-1796.0,-1492.0,-1056.0,-960.0,-940.0,-912.0,-632.0
709,709354.967983992,-1972.0,-1980.0,-1848.0,-1772.0,-1456.0,-1176.0,-1068.0,-960.0,-896.0,-668.0
710,710355.4672336167,-2008.0,-1976.0,-1852.0,-1740.0,-1452.0,-1184.0,-1028.0,-972.0,-876.0,-596.0
711,711355.9664832416,-1952.0,-2000.0,-1780.0,-1776.0,-1560.0,-1132.0,-1064.0,-908.0,-896.0,-628.0
712,712356.4657328664,-1972.0,-1936.0,-1860.0,-1736.0,-1532.0,-1208.0,-1052.0,-952.0,-884.0,-656.0
713,713356.9649824912,-2004.0,-1976.0,-1836.0,-1692.0,-1548.0,-1244.0,-988.0,-876.0,-892.0,-608.0
714,714357.464232116,-1992.0,-2000.0,-1888.0,-1724.0,-1616.0,-1240.0,-1056.0,-836.0,-848.0,-692.0
715,715357.9634817408,-2024.0,-1952.0,-1852.0,-1800.0,-1468.0,-1328.0,-1004.0,-944.0,-816.0,-780.0
716,716358.4627313657,-2016.0,-1968.0,-1780.0,-1784.0,-1432.0,-1284.0,-1040.0,-984.0,-796.0,-808.0
717,717358.9619809905,-2000.0,-2008.0,-1840.0,-1780.0,-1524.0,-1276.0,-968.0,-1056.0,-792.0,-712.0
718,718359.4612306153,-1992.0,-1988.0,-1824.0,-1752.0,-1580.0,-1260.0,-1008.0,-964.0,-780.0,-708.0
719,719359.96048024,-2000.0,-1964.0,-1856.0,-1708.0,-1660.0,-1224.0,-940.0,-944.0,-820.0,-684.0
720,720360.459729865,-2008.0,-1936.0,-1920.0,-1724.0,-1620.0,-1268.0,-992.0,-992.0,-796.0,-716.0
721,721360.9589794897,-2020.0,-1920.0,-1892.0,-1780.0,-1600.0,-1204.0,-1036.0,-988.0,-860.0,-724.0
722,722361.4582291145,-1984.0,-1880.0,-1876.0,-1768.0,-1568.0,-1252.0,-996.0,-1024.0,-848.0,-688.0
723,723361.9574787393,-1984.0,-1860.0,-1876.0,-1708.0,-1552.0,-1200.0,-1008.0,-1068.0,-816.0,-692.0
724,724362.4567283641,-2016.0,-1888.0,-1828.0,-1676.0,-1488.0,-1220.0,-976.0,-952.0,-784.0,-760.0
725,725362.955977989,-2032.0,-1904.0,-1828.0,-1696.0,-1412.0,-1164.0,-920.0,-932.0,-740.0,-720.0
726,726363.4552276138,-2024.0,-1892.0,-1840.0,-1748.0,-1488.0,-1092.0,-864.0,-960.0,-728.0,-740.0
727,727363.9544772386,-1992.0,-1936.0,-1776.0,-1768.0,-1464.0,-1264.0,-840.0,-944.0,-828.0,-752.0
728,728364.4537268634,-1988.0,-1936.0,-1732.0,-1748.0,-1500.0,-1160.0,-880.0,-888.0,-856.0,-668.0
729,729364.9529764882,-1984.0,-2032.0,-1772.0,-1796.0,-1416.0,-1148.0,-880.0,-952.0,-784.0,-708.0
730,730365.4522261131,-1972.0,-1960.0,-1824.0,-1724.0,-1368.0,-1188.0,-940.0,-936.0,-928.0,-676.0
731,731365.9514757378,-1972.0,-1960.0,-1836.0,-1788.0,-1412.0,-1124.0,-932.0,-868.0,-840.0,-600.0
732,732366.4507253626,-1996.0,-1920.0,-1860.0,-1756.0,-1440.0,-1176.0,-884.0,-744.0,-780.0,-720.0
733,733366.9499749874,-1984.0,-1956.0,-1836.0,-1756.0,-1344.0,-1128.0,-912.0,-772.0,-700.0,-776.0
734,734367.4492246123,-1992.0,-1964.0,-1828.0,-1704.0,-1352.0,-1200.0,-944.0,-804.0,-744.0,-620.0
735,735367.9484742371,-2024.0,-1972.0,-1908.0,-1752.0,-1312.0,-1212.0,-940.0,-760.0,-632.0,-648.0
736,736368.4477238619,-1992.0,-2012.0,-1832.0,-1744.0,-1324.0,-1128.0,-948.0,-788.0,-812.0,-732.0
737,737368.9469734867,-2008.0,-2016.0,-1876.0,-1684.0,-1344.0,-1176.0,-992.0,-908.0,-772.0,-752.0
738,738369.4462231115,-1992.0,-1988.0,-1860.0,-1716.0,-1356.0,-1208.0,-976.0,-892.0,-828.0,-732.0
739,739369.9454727364,-1980.0,-1996.0,-1868.0,-1660.0,-1324.0,-1132.0,-992.0,-828.0,-880.0,-752.0
740,740370.4447223612,-2008.0,-1980.0,-1808.0,-1696.0,-1328.0,-1172.0,-1000.0,-888.0,-768.0,-776.0
741,741370.943971986,-2012.0,-1956.0,-1776.0,-1744.0,-1368.0,-1212.0,-980.0,-944.0,-720.0,-664.0
742,742371.4432216107,-2008.0,-1980.0,-1784.0,-1772.0,-1344.0,-1176.0,-964.0,-944.0,-724.0,-604.0
743,743371.9424712356,-2008.0,-1988.0,-1796.0,-1724.0,-1296.0,-1176.0,-984.0,-944.0,-716.0,-616.0
744,744372.4417208604,-2012.0,-1996.0,-1832.0,-1704.0,-1356.0,-1144.0,-1024.0,-940.0,-764.0,-748.0
745,745372.9409704852,-2008.0,-1968.0,-1800.0,-1852.0,-1444.0,-1080.0,-1012.0,-820.0,-828.0,-656.0
746,746373.44022011,-1960.0,-1964.0,-1804.0,-1848.0,-1448.0,-1104.0,-1008.0,-808.0,-708.0,-704.0
747,747373.9394697348,-1972.0,-1936.0,-1816.0,-1852.0,-1368.0,-1088.0,-964.0,-888.0,-716.0,-708.0
748,748374.4387193597,-1992.0,-1960.0,-1808.0,-1852.0,-1432.0,-1112.0,-1084.0,-868.0,-736.0,-676.0
749,749374.9379689845,-1996.0,-1964.0,-1840.0,-1776.0,-1424.0,-1184.0,-1020.0,-860.0,-712.0,-704.0
750,750375.4372186093,-1992.0,-1964.0,-1884.0,-1724.0,-1456.0,-1160.0,-1024.0,-748.0,-716.0,-672.0
751,751375.936468234,-1992.0,-1956.0,-1888.0,-1680.0,-1420.0,-1088.0,-1012.0,-780.0,-812.0,-684.0
752,752376.4357178588,-2008.0,-1980.0,-1848.0,-1688.0,-1380.0,-1232.0,-1012.0,-816.0,-716.0,-660.0
753,753376.9349674837,-2028.0,-2004.0,-1836.0,-1724.0,-1380.0,-1224.0,-1064.0,-808.0,-760.0,-764.0
754,754377.4342171085,-2008.0,-1976.0,-1840.0,-1720.0,-1384.0,-1276.0,-1024.0,-752.0,-728.0,-724.0
755,755377.9334667333,-2024.0,-1968.0,-1824.0,-1732.0,-1408.0,-1228.0,-1084.0,-820.0,-752.0,-804.0
756,756378.4327163581,-1988.0,-1984.0,-1848.0,-1716.0,-1420.0,-1112.0,-1128.0,-968.0,-800.0,-820.0
757,757378.931965983,-1996.0,-1992.0,-1900.0,-1744.0,-1496.0,-1084.0,-1100.0,-924.0,-756.0,-756.0
758,758379.4312156078,-2048.0,-1968.0,-1892.0,-1716.0,-1460.0,-1140.0,-988.0,-836.0,-848.0,-728.0
759,759379.9304652326,-2036.0,-1972.0,-1832.0,-1672.0,-1396.0,-1104.0,-976.0,-832.0,-764.0,-740.0
760,760380.4297148574,-2016.0,-1936.0,-1876.0,-1648.0,-1376.0,-1140.0,-880.0,-852.0,-712.0,-660.0
761,761380.9289644822,-2020.0,-1932.0,-1864.0,-1708.0,-1452.0,-1136.0,-1008.0,-808.0,-816.0,-648.0
762,762381.428214107,-2000.0,-1952.0,-1880.0,-1732.0,-1448.0,-1156.0,-1064.0,-768.0,-776.0,-620.0
763,763381.9274637318,-1984.0,-1916.0,-1896.0,-1776.0,-1472.0,-1152.0,-1084.0,-924.0,-780.0,-724.0
764,764382.4267133566,-1996.0,-1944.0,-1868.0,-1608.0,-1428.0,-1216.0,-1004.0,-900.0,-796.0,-728.0
765,765382.9259629814,-2008.0,-1932.0,-1828.0,-1580.0,-1408.0,-1220.0,-984.0,-888.0,-876.0,-684.0
766,766383.4252126063,-2016.0,-1896.0,-1800.0,-1540.0,-1316.0,-1272.0,-1088.0,-880.0,-840.0,-720.0
767,767383.9244622311,-2048.0,-1920.0,-1804.0,-1576.0,-1324.0,-1268.0,-1024.0,-868.0,-816.0,-688.0
768,768384.4237118559,-2008.0,-1936.0,-1796.0,-1656.0,-1344.0,-1320.0,-972.0,-848.0,-796.0,-652.0
769,769384.9229614807,-2040.0,-1912.0,-1796.0,-1700.0,-1360.0,-1300.0,-924.0,-928.0,-720.0,-744.0
770,770385.4222111055,-1988.0,-1972.0,-1796.0,-1660.0,-1392.0,-1264.0,-996.0,-888.0,-768.0,-676.0
771,771385.9214607304,-1964.0,-1944.0,-1840.0,-1628.0,-1468.0,-1184.0,-1024.0,-956.0,-780.0,-760.0
772,772386.4207103552,-1996.0,-1944.0,-1800.0,-1568.0,-1452.0,-1268.0,-1000.0,-916.0,-792.0,-832.0
773,773386.91995998,-1992.0,-1928.0,-1808.0,-1684.0,-1460.0,-1220.0,-988.0,-820.0,-640.0,-792.0
774,774387.4192096047,-1996.0,-1932.0,-1776.0,-1644.0,-1460.0,-1272.0,-992.0,-940.0,-740.0,-716.0
775,775387.9184592296,-1996.0,-1980.0,-1780.0,-1684.0,-1492.0,-1272.0,-1016.0,-932.0,-832.0,-684.0
776,776388.4177088544,-2004.0,-1976.0,-1744.0,-1716.0,-1544.0,-1232.0,-1056.0,-844.0,-852.0,-676.0
777,777388.9169584792,-1984.0,-1984.0,-1728.0,-1732.0,-1464.0,-1268.0,-1108.0,-860.0,-800.0,-732.0
778,778389.416208104,-1996.0,-1944.0,-1808.0,-1744.0,-1468.0,-1220.0,-1128.0,-900.0,-848.0,-744.0
779,779389.9154577288,-2008.0,-1916.0,-1828.0,-1672.0,-1528.0,-1152.0,-1104.0,-852.0,-844.0,-776.0
780,780390.4147073537,-1992.0,-1932.0,-1796.0,-1624.0,-1560.0,-1264.0,-1032.0,-912.0,-872.0,-856.0
781,781390.9139569785,-2004.0,-1928.0,-1864.0,-1708.0,-1596.0,-1204.0,-1032.0,-920.0,-868.0,-696.0
782,782391.4132066033,-1988.0,-1904.0,-1864.0,-1708.0,-1548.0,-1140.0,-988.0,-928.0,-772.0,-636.0
783,783391.912456228,-2000.0,-1868.0,-1916.0,-1672.0,-1552.0,-1136.0,-1016.0,-848.0,-808.0,-708.0
784,784392.411705853,-1980.0,-1880.0,-1872.0,-1648.0,-1580.0,-1084.0,-1028.0,-828.0,-888.0,-744.0
785,785392.9109554777,-1964.0,-1924.0,-1888.0,-1656.0,-1476.0,-1128.0,-936.0,-932.0,-880.0,-700.0
786,786393.4102051025,-1984.0,-1924.0,-1816.0,-1680.0,-1516.0,-1116.0,-944.0,-860.0,-844.0,-676.0
787,787393.9094547273,-1956.0,-1964.0,-1824.0,-1692.0,-1512.0,-1104.0,-988.0,-872.0,-772.0,-720.0
788,788394.4087043521,-1984.0,-1940.0,-1852.0,-1696.0,-1468.0,-1180.0,-1000.0,-936.0,-784.0,-728.0
789,789394.907953977,-2028.0,-1964.0,-1908.0,-1688.0,-1460.0,-1200.0,-948.0,-756.0,-804.0,-788.0
790,790395.4072036018,-2008.0,-1920.0,-1856.0,-1712.0,-1548.0,-1120.0,-1012.0,-844.0,-756.0,-788.0
791,791395.9064532266,-2004.0,-1952.0,-1908.0,-1740.0,-1460.0,-1212.0,-1024.0,-884.0,-848.0,-748.0
792,792396.4057028514,-2000.0,-1960.0,-1868.0,-1764.0,-1420.0,-1156.0,-1028.0,-972.0,-788.0,-812.0
793,793396.9049524762,-1996.0,-1884.0,-1920.0,-1800.0,-1420.0,-1164.0,-1020.0,-888.0,-768.0,-852.0
794,794397.404202101,-2008.0,-1908.0,-1888.0,-1768.0,-1400.0,-1176.0,-960.0,-948.0,-760.0,-776.0
795,795397.9034517258,-2024.0,-1920.0,-1916.0,-1720.0,-1348.0,-1060.0,-956.0,-856.0,-796.0,-756.0
796,796398.4027013506,-2040.0,-1944.0,-1904.0,-1744.0,-1412.0,-1096.0,-980.0,-932.0,-760.0,-640.0
797,797398.9019509754,-2024.0,-1988.0,-1924.0,-1784.0,-1376.0,-1108.0,-996.0,-892.0,-740.0,-648.0
798,798399.4012006003,-2016.0,-1944.0,-1908.0,-1784.0,-1428.0,-1148.0,-924.0,-848.0,-764.0,-740.0
799,799399.9004502251,-2000.0,-1952.0,-1876.0,-1760.0,-1480.0,-1152.0,-936.0,-892.0,-768.0,-724.0
800,800400.3996998499,-2008.0,-1956.0,-1884.0,-1728.0,-1504.0,-1112.0,-916.0,-832.0,-796.0,-700.0
801,801400.8989494747,-1996.0,-1940.0,-1872.0,-1760.0,-1480.0,-1180.0,-888.0,-876.0,-808.0,-704.0
802,802401.3981990995,-1940.0,-1952.0,-1820.0,-1656.0,-1448.0,-1160.0,-992.0,-808.0,-804.0,-768.0
803,803401.8974487244,-1980.0,-1956.0,-1820.0,-1676.0,-1464.0,-1188.0,-936.0,-848.0,-836.0,-672.0
804,804402.3966983492,-1996.0,-2000.0,-1848.0,-1680.0,-1480.0,-1128.0,-952.0,-828.0,-824.0,-784.0
805,805402.895947974,-1980.0,-2024.0,-1860.0,-1732.0,-1476.0,-1192.0,-1024.0,-900.0,-828.0,-816.0
806,806403.3951975987,-1996.0,-1968.0,-1912.0,-1692.0,-1532.0,-1208.0,-1008.0,-872.0,-884.0,-808.0
807,807403.8944472236,-2008.0,-1952.0,-1884.0,-1668.0,-1528.0,-1244.0,-984.0,-908.0,-848.0,-792.0
808,808404.3936968484,-1988.0,-1944.0,-1888.0,-1664.0,-1472.0,-1136.0,-936.0,-968.0,-872.0,-704.0
809,809404.8929464732,-1972.0,-1896.0,-1912.0,-1732.0,-1496.0,-1140.0,-1016.0,-944.0,-920.0,-684.0
810,810405.392196098,-1980.0,-1928.0,-1924.0,-1736.0,-1552.0,-1136.0,-888.0,-948.0,-912.0,-752.0
811,811405.8914457228,-2000.0,-1952.0,-1880.0,-1736.0,-1604.0,-1156.0,-916.0,-920.0,-784.0,-732.0
812,812406.3906953477,-2008.0,-1912.0,-1896.0,-1720.0,-1524.0,-1124.0,-920.0,-952.0,-776.0,-692.0
813,813406.8899449725,-2016.0,-1932.0,-1852.0,-1696.0,-1508.0,-1156.0,-940.0,-944.0,-860.0,-752.0
814,814407.3891945973,-2040.0,-1892.0,-1868.0,-1732.0,-1520.0,-1160.0,-1004.0,-876.0,-860.0,-772.0
815,815407.888444222,-1980.0,-1932.0,-1896.0,-1756.0,-1424.0,-1176.0,-1000.0,-920.0,-840.0,-660.0
816,816408.3876938468,-1992.0,-1956.0,-1872.0,-1744.0,-1456.0,-1204.0,-916.0,-900.0,-840.0,-644.0
817,817408.8869434717,-2016.0,-1944.0,-1816.0,-1700.0,-1464.0,-1128.0,-964.0,-960.0,-828.0,-748.0
818,818409.3861930965,-2008.0,-1964.0,-1868.0,-1736.0,-1540.0,-1044.0,-960.0,-972.0,-832.0,-852.0
819,819409.8854427213,-2024.0,-1940.0,-1868.0,-1840.0,-1536.0,-1080.0,-1052.0,-936.0,-840.0,-776.0
820,820410.3846923461,-2008.0,-1968.0,-1876.0,-1840.0,-1484.0,-1116.0,-1020.0,-952.0,-832.0,-728.0
821,821410.883941971,-2024.0,-1952.0,-1916.0,-1828.0,-1420.0,-1152.0,-1000.0,-920.0,-864.0,-684.0
822,822411.3831915958,-2024.0,-1956.0,-1940.0,-1848.0,-1464.0,-1108.0,-940.0,-896.0,-884.0,-684.0
823,823411.8824412206,-2024.0,-1948.0,-1864.0,-1836.0,-1424.0,-1204.0,-956.0,-868.0,-804.0,-692.0
824,824412.3816908454,-1992.0,-1936.0,-1916.0,-1848.0,-1556.0,-1128.0,-960.0,-912.0,-792.0,-788.0
825,825412.8809404701,-2008.0,-1904.0,-1876.0,-1792.0,-1448.0,-1160.0,-936.0,-888.0,-804.0,-740.0
826,826413.380190095,-2012.0,-1888.0,-1856.0,-1712.0,-1480.0,-1216.0,-960.0,-876.0,-880.0,-656.0
827,827413.8794397198,-2008.0,-1868.0,-1824.0,-1708.0,-1436.0,-1204.0,-980.0,-900.0,-824.0,-676.0
828,828414.3786893446,-1968.0,-1884.0,-1812.0,-1696.0,-1464.0,-1124.0,-1020.0,-932.0,-744.0,-804.0
829,829414.8779389694,-2000.0,-1948.0,-1800.0,-1652.0,-1448.0,-1128.0,-1000.0,-980.0,-724.0,-804.0
830,830415.3771885943,-1984.0,-1900.0,-1756.0,-1588.0,-1416.0,-1112.0,-1048.0,-968.0,-880.0,-764.0
831,831415.8764382191,-1996.0,-1860.0,-1796.0,-1656.0,-1428.0,-1104.0,-1036.0,-920.0,-820.0,-704.0
832,832416.3756878439,-1952.0,-1860.0,-1888.0,-1716.0,-1356.0,-1148.0,-920.0,-896.0,-828.0,-664.0
833,833416.8749374687,-1996.0,-1888.0,-1916.0,-1604.0,-1432.0,-1148.0,-952.0,-900.0,-836.0,-680.0
834,834417.3741870935,-1980.0,-1912.0,-1864.0,-1612.0,-1388.0,-1196.0,-904.0,-848.0,-820.0,-740.0
835,835417.8734367184,-1980.0,-1908.0,-1800.0,-1664.0,-1360.0,-1128.0,-988.0,-988.0,-776.0,-728.0
836,836418.3726863432,-1980.0,-1924.0,-1896.0,-1640.0,-1388.0,-1132.0,-968.0,-964.0,-888.0,-832.0
837,837418.8719359679,-2000.0,-1912.0,-1880.0,-1704.0,-1316.0,-1160.0,-1004.0,-844.0,-824.0,-684.0
838,838419.3711855927,-1996.0,-1888.0,-1872.0,-1704.0,-1440.0,-1072.0,-972.0,-888.0,-844.0,-708.0
839,839419.8704352176,-1976.0,-1900.0,-1884.0,-1724.0,-1440.0,-1100.0,-1016.0,-888.0,-840.0,-688.0
840,840420.3696848424,-1992.0,-1896.0,-1840.0,-1740.0,-1444.0,-1084.0,-1088.0,-896.0,-720.0,-760.0
841,841420.8689344672,-1976.0,-1928.0,-1776.0,-1668.0,-1504.0,-1084.0,-1124.0,-936.0,-772.0,-824.0
842,842421.368184092,-1984.0,-1916.0,-1812.0,-1636.0,-1456.0,-1156.0,-1132.0,-932.0,-864.0,-756.0
843,843421.8674337168,-1944.0,-1892.0,-1820.0,-1688.0,-1476.0,-1100.0,-1076.0,-876.0,-868.0,-800.0
844,844422.3666833417,-1964.0,-1908.0,-1768.0,-1628.0,-1444.0,-1164.0,-1044.0,-832.0,-840.0,-788.0
845,845422.8659329665,-2000.0,-1908.0,-1756.0,-1712.0,-1408.0,-1112.0,-1044.0,-816.0,-812.0,-748.0
846,846423.3651825913,-1984.0,-1916.0,-1840.0,-1736.0,-1416.0,-1140.0,-928.0,-988.0,-892.0,-720.0
847,847423.864432216,-2020.0,-1956.0,-1808.0,-1764.0,-1488.0,-1192.0,-904.0,-916.0,-836.0,-596.0
848,848424.363681841,-2016.0,-1960.0,-1820.0,-1740.0,-1500.0,-1160.0,-908.0,-948.0,-828.0,-584.0
849,849424.8629314657,-1976.0,-1988.0,-1848.0,-1728.0,-1540.0,-1144.0,-976.0,-936.0,-740.0,-656.0
850,850425.3621810905,-2008.0,-1944.0,-1828.0,-1700.0,-1556.0,-1156.0,-1004.0,-868.0,-792.0,-656.0
851,851425.8614307153,-2000.0,-1944.0,-1804.0,-1696.0,-1608.0,-1164.0,-1024.0,-928.0,-740.0,-736.0
852,852426.3606803401,-2000.0,-1964.0,-1784.0,-1676.0,-1548.0,-1224.0,-1064.0,-848.0,-768.0,-804.0
853,853426.859929965,-2016.0,-1992.0,-1784.0,-1768.0,-1584.0,-1080.0,-988.0,-848.0,-740.0,-832.0
854,854427.3591795898,-1992.0,-1948.0,-1832.0,-1728.0,-1576.0,-1068.0,-960.0,-888.0,-788.0,-800.0
855,855427.8584292146,-2000.0,-1936.0,-1836.0,-1780.0,-1560.0,-1016.0,-884.0,-896.0,-740.0,-812.0
856,856428.3576788394,-1992.0,-1928.0,-1776.0,-1684.0,-1604.0,-1136.0,-912.0,-928.0,-832.0,-832.0
857,857428.8569284641,-2016.0,-1976.0,-1864.0,-1692.0,-1564.0,-1120.0,-984.0,-936.0,-776.0,-768.0
858,858429.356178089,-1996.0,-1980.0,-1864.0,-1652.0,-1536.0,-1072.0,-976.0,-948.0,-796.0,-752.0
859,859429.8554277138,-1984.0,-1984.0,-1840.0,-1556.0,-1476.0,-1096.0,-960.0,-932.0,-764.0,-740.0
860,860430.3546773386,-2008.0,-1972.0,-1864.0,-1620.0,-1364.0,-1068.0,-896.0,-940.0,-840.0,-680.0
861,861430.8539269634,-2000.0,-1928.0,-1888.0,-1628.0,-1444.0,-1084.0,-980.0,-868.0,-872.0,-668.0
862,862431.3531765883,-1964.0,-1876.0,-1892.0,-1640.0,-1404.0,-1112.0,-936.0,-836.0,-784.0,-676.0
863,863431.8524262131,-1960.0,-1876.0,-1812.0,-1692.0,-1432.0,-1108.0,-948.0,-856.0,-836.0,-600.0
864,864432.3516758379,-1964.0,-1904.0,-1840.0,-1636.0,-1376.0,-1104.0,-912.0,-784.0,-684.0,-696.0
865,865432.8509254627,-1988.0,-1900.0,-1892.0,-1700.0,-1440.0,-1108.0,-932.0,-816.0,-680.0,-792.0
866,866433.3501750875,-1944.0,-1912.0,-1824.0,-1676.0,-1480.0,-1060.0,-988.0,-888.0,-744.0,-712.0
867,867433.8494247124,-1988.0,-1964.0,-1800.0,-1720.0,-1404.0,-1076.0,-940.0,-892.0,-788.0,-744.0
868,868434.3486743371,-2016.0,-1960.0,-1860.0,-1668.0,-1404.0,-1056.0,-808.0,-912.0,-792.0,-732.0
869,869434.8479239619,-1992.0,-2000.0,-1824.0,-1632.0,-1316.0,-1080.0,-936.0,-952.0,-736.0,-796.0
870,870435.3471735867,-2016.0,-1972.0,-1756.0,-1672.0,-1392.0,-1092.0,-936.0,-980.0,-680.0,-716.0
871,871435.8464232116,-2016.0,-1952.0,-1864.0,-1700.0,-1504.0,-1148.0,-944.0,-936.0,-724.0,-712.0
872,872436.3456728364,-1988.0,-1952.0,-1884.0,-1680.0,-1480.0,-1092.0,-988.0,-996.0,-724.0,-696.0
873,873436.8449224612,-1976.0,-1924.0,-1904.0,-1708.0,-1432.0,-1012.0,-916.0,-956.0,-796.0,-736.0
874,874437.344172086,-1976.0,-1932.0,-1884.0,-1720.0,-1380.0,-1088.0,-936.0,-896.0,-864.0,-692.0
875,875437.8434217108,-2004.0,-1936.0,-1856.0,-1692.0,-1416.0,-1092.0,-900.0,-952.0,-732.0,-628.0
876,876438.3426713357,-2004.0,-1920.0,-1908.0,-1724.0,-1456.0,-1196.0,-960.0,-948.0,-688.0,-716.0
877,877438.8419209605,-2024.0,-1936.0,-1884.0,-1712.0,-1400.0,-1120.0,-964.0,-896.0,-696.0,-608.0
878,878439.3411705852,-2016.0,-1948.0,-1868.0,-1652.0,-1400.0,-1112.0,-1000.0,-928.0,-736.0,-688.0
879,879439.84042021,-2040.0,-1956.0,-1832.0,-1564.0,-1464.0,-1084.0,-940.0,-872.0,-812.0,-712.0
880,880440.3396698348,-1992.0,-1888.0,-1904.0,-1620.0,-1504.0,-1036.0,-928.0,-948.0,-768.0,-676.0
881,881440.8389194597,-1988.0,-1872.0,-1892.0,-1628.0,-1524.0,-1056.0,-888.0,-932.0,-832.0,-752.0
882,882441.3381690845,-2000.0,-1908.0,-1820.0,-1708.0,-1492.0,-1064.0,-960.0,-976.0,-868.0,-804.0
883,883441.8374187093,-2000.0,-1876.0,-1780.0,-1684.0,-1400.0,-1096.0,-996.0,-992.0,-796.0,-712.0
884,884442.3366683341,-1972.0,-1908.0,-1756.0,-1700.0,-1436.0,-1044.0,-1000.0,-964.0,-724.0,-764.0
885,885442.835917959,-2016.0,-1948.0,-1824.0,-1656.0,-1520.0,-1108.0,-952.0,-856.0,-792.0,-792.0
886,886443.3351675838,-2008.0,-1924.0,-1832.0,-1656.0,-1376.0,-1172.0,-864.0,-968.0,-784.0,-800.0
887,887443.8344172086,-1984.0,-1948.0,-1884.0,-1620.0,-1340.0,-1124.0,-948.0,-888.0,-804.0,-680.0
888,888444.3336668334,-1968.0,-1892.0,-1872.0,-1568.0,-1400.0,-1048.0,-900.0,-992.0,-748.0,-760.0
889,889444.8329164581,-2008.0,-1912.0,-1852.0,-1620.0,-1348.0,-1004.0,-968.0,-892.0,-684.0,-764.0
890,890445.332166083,-2000.0,-1904.0,-1892.0,-1648.0,-1336.0,-1048.0,-976.0,-920.0,-752.0,-836.0
891,891445.8314157078,-1980.0,-1912.0,-1868.0,-1680.0,-1328.0,-1104.0,-912.0,-800.0,-868.0,-828.0
892,892446.3306653326,-1956.0,-1900.0,-1856.0,-1668.0,-1256.0,-1136.0,-892.0,-764.0,-836.0,-740.0
893,893446.8299149574,-1992.0,-1916.0,-1852.0,-1692.0,-1312.0,-1104.0,-920.0,-768.0,-820.0,-632.0
894,894447.3291645823,-1992.0,-1916.0,-1928.0,-1744.0,-1320.0,-1092.0,-1024.0,-792.0,-804.0,-664.0
895,895447.8284142071,-1972.0,-1920.0,-1860.0,-1752.0,-1376.0,-1100.0,-972.0,-820.0,-764.0,-736.0
896,896448.3276638319,-1996.0,-1900.0,-1928.0,-1724.0,-1360.0,-1204.0,-932.0,-860.0,-740.0,-768.0
897,897448.8269134567,-1988.0,-1944.0,-1940.0,-1672.0,-1328.0,-1176.0,-984.0,-908.0,-868.0,-812.0
898,898449.3261630815,-2008.0,-1936.0,-1868.0,-1632.0,-1312.0,-1148.0,-984.0,-872.0,-872.0,-728.0
899,899449.8254127064,-1968.0,-1916.0,-1824.0,-1620.0,-1344.0,-1184.0,-952.0,-816.0,-808.0,-688.0
900,900450.3246623311,-1996.0,-1872.0,-1836.0,-1588.0,-1320.0,-1172.0,-972.0,-908.0,-776.0,-832.0
901,901450.8239119559,-2024.0,-1888.0,-1880.0,-1644.0,-1376.0,-1196.0,-1024.0,-976.0,-804.0,-716.0
902,902451.3231615807,-2008.0,-1924.0,-1876.0,-1708.0,-1424.0,-1216.0,-1000.0,-876.0,-772.0,-704.0
903,903451.8224112056,-2016.0,-1912.0,-1892.0,-1764.0,-1336.0,-1272.0,-1020.0,-796.0,-780.0,-720.0
904,904452.3216608304,-1972.0,-1908.0,-1924.0,-1720.0,-1272.0,-1208.0,-984.0,-900.0,-752.0,-736.0
905,905452.8209104552,-2008.0,-1932.0,-1916.0,-1688.0,-1320.0,-1176.0,-1032.0,-836.0,-728.0,-784.0
906,906453.32016008,-2008.0,-1940.0,-1896.0,-1692.0,-1316.0,-1096.0,-1068.0,-908.0,-812.0,-744.0
907,907453.8194097048,-2004.0,-1900.0,-1936.0,-1632.0,-1304.0,-1084.0,-1032.0,-892.0,-808.0,-652.0
908,908454.3186593297,-2000.0,-1980.0,-1924.0,-1668.0,-1360.0,-1096.0,-944.0,-916.0,-740.0,-604.0
909,909454.8179089545,-2004.0,-1956.0,-1868.0,-1644.0,-1336.0,-1072.0,-904.0,-900.0,-792.0,-664.0
910,910455.3171585792,-2024.0,-1928.0,-1896.0,-1656.0,-1312.0,-1092.0,-908.0,-820.0,-776.0,-676.0
911,911455.816408204,-1976.0,-1956.0,-1848.0,-1704.0,-1308.0,-1128.0,-952.0,-852.0,-884.0,-684.0
912,912456.3156578289,-1988.0,-1932.0,-1800.0,-1656.0,-1324.0,-1116.0,-892.0,-784.0,-832.0,-628.0
913,913456.8149074537,-1972.0,-1940.0,-1840.0,-1632.0,-1236.0,-1100.0,-908.0,-764.0,-824.0,-732.0
914,914457.3141570785,-2008.0,-1932.0,-1900.0,-1664.0,-1292.0,-1140.0,-948.0,-780.0,-804.0,-708.0
915,915457.8134067033,-2000.0,-1920.0,-1896.0,-1568.0,-1152.0,-1148.0,-896.0,-784.0,-736.0,-616.0
916,916458.3126563281,-1992.0,-1968.0,-1896.0,-1624.0,-1200.0,-1140.0,-992.0,-836.0,-848.0,-652.0
917,917458.811905953,-2000.0,-1952.0,-1848.0,-1580.0,-1288.0,-1080.0,-916.0,-848.0,-844.0,-748.0
918,918459.3111555778,-1996.0,-1972.0,-1796.0,-1560.0,-1244.0,-1128.0,-972.0,-848.0,-764.0,-756.0
919,919459.8104052026,-1996.0,-1984.0,-1888.0,-1604.0,-1312.0,-1180.0,-916.0,-892.0,-808.0,-744.0
920,920460.3096548273,-2004.0,-1964.0,-1836.0,-1600.0,-1332.0,-1168.0,-904.0,-884.0,-796.0,-764.0
921,921460.8089044521,-2012.0,-1964.0,-1844.0,-1660.0,-1336.0,-1136.0,-832.0,-944.0,-752.0,-748.0
922,922461.308154077,-1992.0,-1992.0,-1928.0,-1648.0,-1400.0,-1196.0,-912.0,-880.0,-692.0,-700.0
923,923461.8074037018,-1996.0,-1952.0,-1864.0,-1724.0,-1360.0,-1100.0,-896.0,-852.0,-676.0,-812.0
924,924462.3066533266,-1992.0,-1976.0,-1892.0,-1732.0,-1392.0,-1032.0,-968.0,-864.0,-784.0,-796.0
925,925462.8059029514,-2012.0,-1960.0,-1888.0,-1688.0,-1384.0,-1096.0,-996.0,-972.0,-768.0,-796.0
926,926463.3051525763,-2020.0,-1964.0,-1880.0,-1704.0,-1376.0,-1144.0,-992.0,-964.0,-652.0,-752.0
927,927463.8044022011,-2000.0,-1940.0,-1844.0,-1584.0,-1284.0,-1120.0,-952.0,-972.0,-760.0,-844.0
928,928464.3036518259,-1996.0,-1996.0,-1836.0,-1596.0,-1376.0,-1200.0,-928.0,-920.0,-728.0,-840.0
929,929464.8029014507,-2000.0,-2000.0,-1824.0,-1608.0,-1336.0,-1160.0,-916.0,-912.0,-772.0,-732.0
930,930465.3021510754,-2032.0,-1968.0,-1816.0,-1660.0,-1424.0,-1140.0,-996.0,-880.0,-764.0,-744.0
931,931465.8014007004,-2008.0,-1992.0,-1756.0,-1652.0,-1448.0,-1096.0,-1032.0,-896.0,-752.0,-756.0
932,932466.3006503251,-2000.0,-1992.0,-1808.0,-1632.0,-1424.0,-1076.0,-960.0,-836.0,-848.0,-672.0
933,933466.7998999499,-2000.0,-2000.0,-1864.0,-1664.0,-1360.0,-1032.0,-940.0,-872.0,-828.0,-752.0
934,934467.2991495747,-2008.0,-1980.0,-1844.0,-1616.0,-1388.0,-1088.0,-952.0,-888.0,-860.0,-752.0
935,935467.7983991996,-1984.0,-1976.0,-1820.0,-1632.0,-1384.0,-1152.0,-984.0,-956.0,-888.0,-676.0
936,936468.2976488244,-2012.0,-1956.0,-1828.0,-1648.0,-1416.0,-1092.0,-1004.0,-944.0,-860.0,-728.0
937,937468.7968984492,-2000.0,-1956.0,-1868.0,-1676.0,-1416.0,-1076.0,-1040.0,-932.0,-844.0,-668.0
938,938469.296148074,-1996.0,-1932.0,-1828.0,-1736.0,-1408.0,-1084.0,-996.0,-984.0,-752.0,-608.0
939,939469.7953976988,-1984.0,-1960.0,-1820.0,-1728.0,-1356.0,-1120.0,-1020.0,-880.0,-796.0,-648.0
940,940470.2946473237,-1964.0,-1972.0,-1856.0,-1732.0,-1368.0,-1096.0,-1008.0,-940.0,-776.0,-728.0
941,941470.7938969485,-1992.0,-1944.0,-1836.0,-1820.0,-1368.0,-1160.0,-1000.0,-952.0,-756.0,-716.0
942,942471.2931465732,-1964.0,-1928.0,-1908.0,-1804.0,-1356.0,-1116.0,-996.0,-952.0,-740.0,-716.0
943,943471.792396198,-1956.0,-1940.0,-1912.0,-1788.0,-1352.0,-1184.0,-1048.0,-952.0,-864.0,-756.0
944,944472.2916458228,-1960.0,-1920.0,-1888.0,-1792.0,-1376.0,-1152.0,-1100.0,-952.0,-808.0,-748.0
945,945472.7908954477,-1956.0,-1944.0,-1812.0,-1812.0,-1396.0,-1220.0,-1060.0,-944.0,-796.0,-792.0
946,946473.2901450725,-1992.0,-1992.0,-1864.0,-1784.0,-1336.0,-1148.0,-984.0,-868.0,-804.0,-788.0
947,947473.7893946973,-1984.0,-1968.0,-1896.0,-1740.0,-1344.0,-1208.0,-960.0,-876.0,-764.0,-824.0
948,948474.2886443221,-2008.0,-1972.0,-1896.0,-1660.0,-1388.0,-1116.0,-1020.0,-844.0,-784.0,-664.0
949,949474.787893947,-2016.0,-1972.0,-1868.0,-1660.0,-1420.0,-1064.0,-956.0,-856.0,-860.0,-776.0
950,950475.2871435718,-2024.0,-1972.0,-1900.0,-1740.0,-1448.0,-1076.0,-868.0,-768.0,-820.0,-812.0
951,951475.7863931966,-2024.0,-2000.0,-1884.0,-1740.0,-1376.0,-1068.0,-904.0,-808.0,-760.0,-760.0
952,952476.2856428213,-2000.0,-2016.0,-1828.0,-1704.0,-1372.0,-1060.0,-928.0,-936.0,-752.0,-728.0
953,953476.7848924461,-1992.0,-1960.0,-1836.0,-1720.0,-1336.0,-984.0,-984.0,-952.0,-704.0,-764.0
954,954477.284142071,-2000.0,-1964.0,-1852.0,-1612.0,-1316.0,-1016.0,-1008.0,-1040.0,-744.0,-748.0
955,955477.7833916958,-1992.0,-1952.0,-1888.0,-1664.0,-1300.0,-1068.0,-1068.0,-1000.0,-688.0,-688.0
956,956478.2826413206,-2000.0,-1968.0,-1860.0,-1708.0,-1320.0,-1016.0,-992.0,-976.0,-744.0,-712.0
957,957478.7818909454,-1988.0,-1980.0,-1792.0,-1736.0,-1280.0,-1040.0,-972.0,-896.0,-792.0,-792.0
958,958479.2811405703,-2000.0,-1948.0,-1840.0,-1744.0,-1304.0,-1160.0,-980.0,-896.0,-800.0,-748.0
959,959479.7803901951,-2024.0,-1956.0,-1780.0,-1708.0,-1332.0,-1108.0,-1080.0,-888.0,-852.0,-744.0
960,960480.2796398199,-2024.0,-1944.0,-1728.0,-1668.0,-1388.0,-1120.0,-968.0,-880.0,-744.0,-804.0
961,961480.7788894447,-2032.0,-1956.0,-1760.0,-1680.0,-1516.0,-1048.0,-964.0,-880.0,-800.0,-840.0
962,962481.2781390694,-2000.0,-1956.0,-1764.0,-1704.0,-1540.0,-1100.0,-964.0,-968.0,-840.0,-832.0
963,963481.7773886943,-2016.0,-1956.0,-1776.0,-1780.0,-1524.0,-1156.0,-988.0,-968.0,-764.0,-832.0
964,964482.2766383191,-2024.0,-1928.0,-1796.0,-1808.0,-1524.0,-1108.0,-920.0,-992.0,-848.0,-804.0
965,965482.7758879439,-2012.0,-1904.0,-1788.0,-1740.0,-1524.0,-1112.0,-912.0,-864.0,-828.0,-780.0
966,966483.2751375687,-1980.0,-1952.0,-1788.0,-1656.0,-1448.0,-1116.0,-932.0,-920.0,-828.0,-768.0
967,967483.7743871936,-1972.0,-1928.0,-1808.0,-1672.0,-1460.0,-1160.0,-896.0,-896.0,-768.0,-716.0
968,968484.2736368184,-1976.0,-1944.0,-1800.0,-1668.0,-1404.0,-1136.0,-1016.0,-892.0,-776.0,-644.0
969,969484.7728864432,-1992.0,-1952.0,-1828.0,-1628.0,-1412.0,-1176.0,-952.0,-924.0,-724.0,-676.0
970,970485.272136068,-1972.0,-1984.0,-1796.0,-1668.0,-1404.0,-1200.0,-856.0,-900.0,-784.0,-696.0
971,971485.7713856928,-2000.0,-1980.0,-1760.0,-1756.0,-1416.0,-1148.0,-852.0,-892.0,-704.0,-684.0
972,972486.2706353177,-1992.0,-1892.0,-1756.0,-1628.0,-1436.0,-1268.0,-896.0,-908.0,-852.0,-728.0
973,973486.7698849424,-1964.0,-1908.0,-1768.0,-1564.0,-1428.0,-1148.0,-912.0,-900.0,-856.0,-764.0
974,974487.2691345672,-2000.0,-1952.0,-1852.0,-1660.0,-1340.0,-1112.0,-964.0,-892.0,-788.0,-704.0
975,975487.768384192,-2000.0,-1912.0,-1868.0,-1784.0,-1372.0,-1176.0,-992.0,-940.0,-812.0,-704.0
976,976488.2676338169,-1984.0,-1968.0,-1820.0,-1756.0,-1352.0,-1136.0,-928.0,-868.0,-796.0,-736.0
977,977488.7668834417,-2008.0,-1864.0,-1796.0,-1712.0,-1412.0,-1224.0,-948.0,-916.0,-672.0,-704.0
978,978489.2661330665,-2016.0,-1888.0,-1792.0,-1720.0,-1388.0,-1216.0,-980.0,-764.0,-792.0,-676.0
979,979489.7653826913,-1984.0,-1952.0,-1876.0,-1760.0,-1376.0,-1256.0,-988.0,-808.0,-712.0,-672.0
980,980490.2646323161,-1984.0,-1936.0,-1924.0,-1804.0,-1388.0,-1244.0,-988.0,-852.0,-744.0,-668.0
981,981490.763881941,-1964.0,-1888.0,-1904.0,-1788.0,-1392.0,-1204.0,-984.0,-808.0,-736.0,-720.0
982,982491.2631315658,-1984.0,-1880.0,-1908.0,-1768.0,-1404.0,-1252.0,-948.0,-820.0,-828.0,-740.0
983,983491.7623811906,-1980.0,-1948.0,-1920.0,-1788.0,-1368.0,-1204.0,-976.0,-864.0,-752.0,-696.0
984,984492.2616308153,-1956.0,-1960.0,-1916.0,-1804.0,-1444.0,-1124.0,-992.0,-780.0,-684.0,-688.0
985,985492.7608804401,-1964.0,-1988.0,-1884.0,-1764.0,-1488.0,-1236.0,-888.0,-820.0,-728.0,-712.0
986,986493.260130065,-1992.0,-1956.0,-1912.0,-1720.0,-1440.0,-1208.0,-940.0,-780.0,-808.0,-604.0
987,987493.7593796898,-2000.0,-1980.0,-1908.0,-1696.0,-1480.0,-1128.0,-1008.0,-780.0,-804.0,-620.0
988,988494.2586293146,-2000.0,-1976.0,-1860.0,-1704.0,-1424.0,-1128.0,-1024.0,-820.0,-800.0,-692.0
989,989494.7578789394,-1972.0,-2004.0,-1836.0,-1684.0,-1492.0,-1060.0,-1024.0,-760.0,-720.0,-692.0
990,990495.2571285643,-2016.0,-1976.0,-1852.0,-1668.0,-1556.0,-1100.0,-1040.0,-856.0,-812.0,-676.0
991,991495.7563781891,-2016.0,-1940.0,-1912.0,-1644.0,-1496.0,-1060.0,-952.0,-912.0,-772.0,-756.0
992,992496.2556278139,-1984.0,-1920.0,-1908.0,-1676.0,-1424.0,-1108.0,-1020.0,-844.0,-828.0,-732.0
993,993496.7548774387,-1988.0,-1956.0,-1868.0,-1760.0,-1460.0,-1100.0,-992.0,-964.0,-860.0,-716.0
994,994497.2541270634,-1964.0,-1968.0,-1880.0,-1700.0,-1428.0,-1116.0,-968.0,-948.0,-844.0,-776.0
995,995497.7533766883,-1968.0,-1948.0,-1860.0,-1720.0,-1444.0,-1112.0,-940.0,-928.0,-808.0,-768.0
996,996498.2526263131,-1988.0,-1940.0,-1844.0,-1724.0,-1368.0,-1088.0,-972.0,-916.0,-856.0,-764.0
997,997498.7518759379,-1988.0,-1956.0,-1888.0,-1672.0,-1400.0,-1128.0,-944.0,-956.0,-888.0,-828.0
998,998499.2511255627,-2000.0,-1960.0,-1860.0,-1644.0,-1416.0,-1124.0,-1008.0,-980.0,-820.0,-816.0
999,999499.7503751876,-2016.0,-1928.0,-1868.0,-1616.0,-1444.0,-1172.0,-1020.0,-916.0,-780.0,-716.0
1000,1000500.2496248124,-2000.0,-1912.0,-1868.0,-1644.0,-1464.0,-1180.0,-1036.0,-796.0,-732.0,-808.0
1001,1001500.7488744372,-1976.0,-1924.0,-1824.0,-1616.0,-1584.0,-1088.0,-1028.0,-744.0,-800.0,-724.0
1002,1002501.248124062,-1988.0,-2000.0,-1828.0,-1668.0,-1500.0,-1168.0,-964.0,-776.0,-828.0,-704.0
1003,1003501.7473736868,-2004.0,-1976.0,-1888.0,-1736.0,-1444.0,-1204.0,-944.0,-696.0,-804.0,-732.0
1004,1004502.2466233117,-2028.0,-1964.0,-1904.0,-1732.0,-1472.0,-1124.0,-936.0,-812.0,-832.0,-736.0
1005,1005502.7458729364,-2008.0,-1920.0,-1832.0,-1792.0,-1456.0,-1160.0,-924.0,-828.0,-800.0,-764.0
1006,1006503.2451225612,-2024.0,-1972.0,-1876.0,-1736.0,-1456.0,-1084.0,-872.0,-828.0,-804.0,-712.0
1007,1007503.744372186,-2004.0,-1988.0,-1920.0,-1756.0,-1440.0,-1108.0,-980.0,-940.0,-876.0,-688.0
1008,1008504.2436218108,-2000.0,-1940.0,-1900.0,-1808.0,-1516.0,-1092.0,-1068.0,-896.0,-840.0,-724.0
1009,1009504.7428714357,-1988.0,-1960.0,-1844.0,-1852.0,-1492.0,-1136.0,-1028.0,-912.0,-764.0,-728.0
1010,1010505.2421210605,-1956.0,-1952.0,-1824.0,-1784.0,-1476.0,-1068.0,-1012.0,-904.0,-740.0,-768.0
1011,1011505.7413706853,-1956.0,-1916.0,-1876.0,-1820.0,-1432.0,-1100.0,-984.0,-840.0,-732.0,-680.0
1012,1012506.2406203101,-2024.0,-1888.0,-1832.0,-1784.0,-1372.0,-1104.0,-1036.0,-872.0,-776.0,-604.0
1013,1013506.739869935,-2032.0,-1924.0,-1900.0,-1760.0,-1440.0,-1072.0,-960.0,-812.0,-832.0,-720.0
1014,1014507.2391195598,-2016.0,-1896.0,-1928.0,-1700.0,-1520.0,-1084.0,-956.0,-804.0,-792.0,-748.0
1015,1015507.7383691845,-2004.0,-1924.0,-1900.0,-1680.0,-1488.0,-1204.0,-964.0,-860.0,-748.0,-728.0
1016,1016508.2376188093,-2000.0,-1980.0,-1892.0,-1648.0,-1484.0,-1200.0,-984.0,-872.0,-712.0,-796.0
1017,1017508.7368684341,-2012.0,-1948.0,-1852.0,-1736.0,-1448.0,-1140.0,-972.0,-844.0,-728.0,-772.0
1018,1018509.236118059,-2004.0,-1928.0,-1888.0,-1676.0,-1396.0,-1188.0,-964.0,-780.0,-776.0,-788.0
1019,1019509.7353676838,-2016.0,-1920.0,-1836.0,-1680.0,-1348.0,-1172.0,-980.0,-844.0,-716.0,-780.0
1020,1020510.2346173086,-2012.0,-1940.0,-1868.0,-1728.0,-1316.0,-1200.0,-956.0,-756.0,-760.0,-684.0
1021,1021510.7338669334,-2004.0,-1944.0,-1868.0,-1704.0,-1372.0,-1196.0,-984.0,-896.0,-848.0,-552.0
1022,1022511.2331165583,-2036.0,-1912.0,-1876.0,-1624.0,-1396.0,-1140.0,-992.0,-868.0,-816.0,-660.0
1023,1023511.7323661831,-2008.0,-1944.0,-1884.0,-1644.0,-1404.0,-1080.0,-1016.0,-876.0,-856.0,-632.0
1024,1024512.2316158079,-2016.0,-1940.0,-1860.0,-1720.0,-1352.0,-1080.0,-976.0,-972.0,-876.0,-624.0
1025,1025512.7308654326,-2004.0,-1940.0,-1928.0,-1712.0,-1452.0,-1088.0,-964.0,-876.0,-844.0,-732.0
1026,1026513.2301150574,-2016.0,-1912.0,-1888.0,-1692.0,-1488.0,-1116.0,-1016.0,-900.0,-872.0,-644.0
1027,1027513.7293646823,-2020.0,-1940.0,-1900.0,-1692.0,-1416.0,-1144.0,-1020.0,-900.0,-1020.0,-728.0
1028,1028514.2286143071,-1984.0,-1936.0,-1868.0,-1760.0,-1452.0,-1148.0,-976.0,-896.0,-976.0,-732.0
1029,1029514.7278639319,-1992.0,-1944.0,-1872.0,-1732.0,-1416.0,-1108.0,-1028.0,-972.0,-788.0,-716.0
1030,1030515.2271135567,-2016.0,-1952.0,-1880.0,-1764.0,-1548.0,-1076.0,-1068.0,-960.0,-792.0,-556.0
1031,1031515.7263631816,-2012.0,-1876.0,-1856.0,-1724.0,-1572.0,-1132.0,-1068.0,-888.0,-816.0,-604.0
1032,1032516.2256128064,-2004.0,-1956.0,-1808.0,-1700.0,-1472.0,-1028.0,-1060.0,-908.0,-852.0,-756.0
1033,1033516.7248624312,-1972.0,-1956.0,-1884.0,-1724.0,-1488.0,-1116.0,-1000.0,-948.0,-876.0,-724.0
1034,1034517.224112056,-1988.0,-1928.0,-1868.0,-1704.0,-1436.0,-1184.0,-916.0,-1012.0,-808.0,-804.0
1035,1035517.7233616807,-1980.0,-1952.0,-1896.0,-1744.0,-1448.0,-1120.0,-924.0,-924.0,-776.0,-740.0
1036,1036518.2226113057,-2000.0,-1924.0,-1908.0,-1704.0,-1468.0,-1148.0,-884.0,-908.0,-796.0,-744.0
1037,1037518.7218609304,-2000.0,-1928.0,-1896.0,-1792.0,-1476.0,-1136.0,-912.0,-856.0,-860.0,-772.0
1038,1038519.2211105552,-1996.0,-1924.0,-1828.0,-1788.0,-1508.0,-1052.0,-932.0,-732.0,-848.0,-744.0
1039,1039519.72036018,-2004.0,-1960.0,-1832.0,-1740.0,-1492.0,-1052.0,-896.0,-768.0,-784.0,-736.0
1040,1040520.2196098049,-1972.0,-1960.0,-1784.0,-1740.0,-1516.0,-1140.0,-920.0,-784.0,-840.0,-812.0
1041,1041520.7188594297,-2012.0,-1948.0,-1828.0,-1752.0,-1580.0,-1088.0,-912.0,-804.0,-824.0,-840.0
1042,1042521.2181090545,-2032.0,-1932.0,-1860.0,-1784.0,-1572.0,-1072.0,-948.0,-888.0,-916.0,-716.0
1043,1043521.7173586793,-2048.0,-1900.0,-1916.0,-1772.0,-1528.0,-1136.0,-984.0,-816.0,-896.0,-800.0
1044,1044522.2166083041,-2016.0,-1876.0,-1904.0,-1780.0,-1468.0,-1136.0,-1056.0,-880.0,-860.0,-668.0
1045,1045522.715857929,-1996.0,-1860.0,-1872.0,-1800.0,-1492.0,-1136.0,-1044.0,-840.0,-836.0,-828.0
1046,1046523.2151075538,-2012.0,-1908.0,-1936.0,-1764.0,-1460.0,-1044.0,-1036.0,-932.0,-804.0,-788.0
1047,1047523.7143571785,-1996.0,-1920.0,-1896.0,-1756.0,-1536.0,-1156.0,-1004.0,-892.0,-828.0,-820.0
1048,1048524.2136068033,-1988.0,-1916.0,-1920.0,-1712.0,-1520.0,-1116.0,-1060.0,-904.0,-880.0,-832.0
1049,1049524.7128564282,-1992.0,-1916.0,-1920.0,-1660.0,-1544.0,-1176.0,-1096.0,-852.0,-880.0,-748.0
1050,1050525.212106053,-2012.0,-1976.0,-1884.0,-1596.0,-1544.0,-1072.0,-1036.0,-904.0,-892.0,-784.0
1051,1051525.7113556778,-1992.0,-1956.0,-1888.0,-1532.0,-1540.0,-1156.0,-1068.0,-860.0,-864.0,-780.0
1052,1052526.2106053026,-1976.0,-1912.0,-1880.0,-1620.0,-1556.0,-1240.0,-988.0,-852.0,-888.0,-780.0
1053,1053526.7098549274,-1940.0,-1920.0,-1856.0,-1572.0,-1508.0,-1264.0,-1056.0,-844.0,-900.0,-812.0
1054,1054527.2091045522,-1968.0,-1928.0,-1896.0,-1676.0,-1564.0,-1252.0,-1008.0,-840.0,-876.0,-824.0
1055,1055527.708354177,-2024.0,-1928.0,-1864.0,-1624.0,-1508.0,-1232.0,-1136.0,-896.0,-852.0,-792.0
1056,1056528.207603802,-2012.0,-1928.0,-1832.0,-1596.0,-1628.0,-1104.0,-1068.0,-860.0,-852.0,-848.0
1057,1057528.7068534268,-1984.0,-1924.0,-1848.0,-1620.0,-1540.0,-1132.0,-996.0,-928.0,-916.0,-848.0
1058,1058529.2061030515,-1972.0,-2004.0,-1820.0,-1696.0,-1568.0,-1084.0,-932.0,-964.0,-828.0,-704.0
1059,1059529.7053526763,-2004.0,-2016.0,-1912.0,-1660.0,-1596.0,-1104.0,-896.0,-948.0,-876.0,-684.0
1060,1060530.2046023011,-2000.0,-1968.0,-1924.0,-1652.0,-1652.0,-1168.0,-948.0,-904.0,-836.0,-692.0
1061,1061530.703851926,-2008.0,-1944.0,-1904.0,-1684.0,-1552.0,-1216.0,-996.0,-888.0,-816.0,-624.0
1062,1062531.2031015507,-1968.0,-1956.0,-1920.0,-1732.0,-1588.0,-1228.0,-988.0,-888.0,-864.0,-644.0
1063,1063531.7023511755,-1972.0,-1920.0,-1848.0,-1752.0,-1552.0,-1204.0,-956.0,-872.0,-844.0,-652.0
1064,1064532.2016008003,-1984.0,-1948.0,-1844.0,-1728.0,-1584.0,-1136.0,-924.0,-884.0,-924.0,-756.0
1065,1065532.700850425,-2016.0,-1932.0,-1908.0,-1664.0,-1592.0,-1076.0,-948.0,-888.0,-836.0,-692.0
1066,1066533.20010005,-1996.0,-1912.0,-1872.0,-1716.0,-1612.0,-1096.0,-912.0,-908.0,-808.0,-788.0
1067,1067533.6993496749,-2016.0,-1884.0,-1848.0,-1692.0,-1556.0,-1120.0,-1020.0,-920.0,-816.0,-788.0
1068,1068534.1985992996,-1964.0,-1932.0,-1880.0,-1652.0,-1536.0,-1072.0,-964.0,-824.0,-780.0,-752.0
1069,1069534.6978489244,-1968.0,-1972.0,-1844.0,-1688.0,-1492.0,-1048.0,-1008.0,-928.0,-696.0,-704.0
1070,1070535.1970985492,-1992.0,-1956.0,-1880.0,-1672.0,-1544.0,-1144.0,-1012.0,-872.0,-820.0,-688.0
1071,1071535.696348174,-2024.0,-1940.0,-1860.0,-1644.0,-1544.0,-1212.0,-940.0,-872.0,-792.0,-756.0
1072,1072536.1955977988,-2016.0,-1920.0,-1840.0,-1608.0,-1556.0,-1188.0,-968.0,-808.0,-776.0,-760.0
1073,1073536.6948474236,-2012.0,-1936.0,-1856.0,-1656.0,-1560.0,-1148.0,-924.0,-868.0,-900.0,-716.0
1074,1074537.1940970484,-2004.0,-1964.0,-1908.0,-1660.0,-1584.0,-1248.0,-988.0,-932.0,-904.0,-748.0
1075,1075537.6933466734,-2004.0,-1944.0,-1896.0,-1624.0,-1524.0,-1264.0,-948.0,-924.0,-828.0,-724.0
1076,1076538.1925962982,-1988.0,-1932.0,-1872.0,-1720.0,-1528.0,-1220.0,-992.0,-896.0,-728.0,-580.0
1077,1077538.691845923,-2000.0,-1944.0,-1824.0,-1748.0,-1504.0,-1192.0,-968.0,-876.0,-812.0,-700.0
1078,1078539.1910955478,-2004.0,-1956.0,-1804.0,-1700.0,-1536.0,-1156.0,-1028.0,-880.0,-716.0,-728.0
1079,1079539.6903451725,-2016.0,-1956.0,-1828.0,-1724.0,-1504.0,-1184.0,-1072.0,-796.0,-716.0,-804.0
1080,1080540.1895947973,-2016.0,-1944.0,-1856.0,-1780.0,-1484.0,-1204.0,-976.0,-852.0,-752.0,-712.0
1081,1081540.688844422,-2032.0,-1920.0,-1780.0,-1764.0,-1416.0,-1160.0,-1032.0,-840.0,-684.0,-768.0
1082,1082541.188094047,-2024.0,-1948.0,-1712.0,-1692.0,-1508.0,-1168.0,-1012.0,-836.0,-772.0,-748.0
1083,1083541.6873436717,-1992.0,-1932.0,-1760.0,-1688.0,-1452.0,-1212.0,-1036.0,-792.0,-788.0,-772.0
1084,1084542.1865932967,-2000.0,-1952.0,-1860.0,-1656.0,-1432.0,-1192.0,-968.0,-800.0,-724.0,-712.0
1085,1085542.6858429215,-1992.0,-1980.0,-1816.0,-1676.0,-1420.0,-1208.0,-964.0,-864.0,-740.0,-660.0
1086,1086543.1850925463,-2012.0,-1956.0,-1828.0,-1700.0,-1372.0,-1160.0,-1004.0,-852.0,-816.0,-716.0
1087,1087543.684342171,-2016.0,-1964.0,-1816.0,-1660.0,-1304.0,-1176.0,-972.0,-868.0,-756.0,-760.0
1088,1088544.1835917959,-1992.0,-1952.0,-1828.0,-1664.0,-1256.0,-1244.0,-976.0,-888.0,-764.0,-688.0
1089,1089544.6828414206,-1964.0,-1984.0,-1792.0,-1620.0,-1260.0,-1180.0,-900.0,-904.0,-700.0,-660.0
1090,1090545.1820910454,-1996.0,-1980.0,-1788.0,-1592.0,-1328.0,-1284.0,-1028.0,-792.0,-736.0,-752.0
1091,1091545.6813406702,-2012.0,-1916.0,-1768.0,-1532.0,-1304.0,-1232.0,-1048.0,-796.0,-772.0,-784.0
1092,1092546.180590295,-1992.0,-1900.0,-1764.0,-1532.0,-1356.0,-1260.0,-1000.0,-792.0,-796.0,-660.0
1093,1093546.67983992,-2000.0,-1892.0,-1828.0,-1596.0,-1356.0,-1184.0,-1060.0,-820.0,-816.0,-684.0
1094,1094547.1790895448,-2000.0,-1976.0,-1872.0,-1596.0,-1328.0,-1188.0,-1036.0,-788.0,-788.0,-744.0
1095,1095547.6783391696,-1976.0,-1984.0,-1824.0,-1560.0,-1404.0,-1280.0,-996.0,-932.0,-872.0,-764.0
1096,1096548.1775887944,-1988.0,-2000.0,-1880.0,-1608.0,-1488.0,-1252.0,-1016.0,-856.0,-804.0,-748.0
1097,1097548.6768384192,-2008.0,-2028.0,-1820.0,-1584.0,-1508.0,-1228.0,-1064.0,-904.0,-776.0,-748.0
1098,1098549.176088044,-2012.0,-2016.0,-1840.0,-1640.0,-1488.0,-1192.0,-1060.0,-840.0,-756.0,-736.0
1099,1099549.6753376687,-1988.0,-1992.0,-1804.0,-1644.0,-1500.0,-1132.0,-1040.0,-872.0,-808.0,-780.0
1100,1100550.1745872935,-2000.0,-1924.0,-1776.0,-1608.0,-1524.0,-1168.0,-1088.0,-808.0,-756.0,-844.0
1101,1101550.6738369183,-1992.0,-1920.0,-1776.0,-1596.0,-1552.0,-1240.0,-1104.0,-844.0,-780.0,-844.0
1102,1102551.1730865433,-2000.0,-1976.0,-1764.0,-1644.0,-1576.0,-1216.0,-1104.0,-856.0,-760.0,-816.0
1103,1103551.6723361681,-2004.0,-1972.0,-1868.0,-1608.0,-1632.0,-1220.0,-1000.0,-872.0,-740.0,-792.0
1104,1104552.171585793,-2004.0,-1948.0,-1824.0,-1608.0,-1632.0,-1196.0,-964.0,-884.0,-812.0,-760.0
1105,1105552.6708354177,-2000.0,-1932.0,-1744.0,-1692.0,-1548.0,-1204.0,-1000.0,-856.0,-848.0,-788.0
1106,1106553.1700850425,-1984.0,-1932.0,-1776.0,-1788.0,-1548.0,-1268.0,-904.0,-920.0,-772.0,-796.0
1107,1107553.6693346673,-1956.0,-1916.0,-1764.0,-1780.0,-1536.0,-1252.0,-1024.0,-892.0,-800.0,-840.0
1108,1108554.168584292,-1976.0,-1912.0,-1780.0,-1732.0,-1528.0,-1256.0,-1080.0,-788.0,-796.0,-832.0
1109,1109554.6678339168,-1952.0,-1896.0,-1788.0,-1752.0,-1532.0,-1140.0,-1072.0,-860.0,-756.0,-828.0
1110,1110555.1670835416,-1976.0,-1924.0,-1772.0,-1720.0,-1484.0,-1188.0,-984.0,-868.0,-800.0,-808.0
1111,1111555.6663331666,-1984.0,-1900.0,-1844.0,-1720.0,-1504.0,-1204.0,-960.0,-836.0,-884.0,-796.0
1112,1112556.1655827914,-1980.0,-1952.0,-1876.0,-1752.0,-1556.0,-1152.0,-932.0,-864.0,-868.0,-776.0
1113,1113556.6648324162,-1992.0,-1924.0,-1832.0,-1712.0,-1624.0,-1220.0,-968.0,-868.0,-824.0,-784.0
1114,1114557.164082041,-1996.0,-1900.0,-1808.0,-1660.0,-1596.0,-1156.0,-956.0,-920.0,-844.0,-704.0
1115,1115557.6633316658,-2000.0,-1912.0,-1772.0,-1712.0,-1536.0,-1204.0,-936.0,-912.0,-852.0,-752.0
1116,1116558.1625812906,-2024.0,-1904.0,-1788.0,-1680.0,-1508.0,-1260.0,-916.0,-920.0,-856.0,-736.0
1117,1117558.6618309154,-2016.0,-1904.0,-1784.0,-1636.0,-1412.0,-1180.0,-952.0,-800.0,-828.0,-744.0
1118,1118559.1610805402,-2024.0,-1928.0,-1800.0,-1708.0,-1464.0,-1164.0,-996.0,-864.0,-812.0,-700.0
1119,1119559.660330165,-1996.0,-1916.0,-1892.0,-1716.0,-1408.0,-1220.0,-968.0,-860.0,-852.0,-840.0
1120,1120560.1595797897,-1964.0,-1904.0,-1872.0,-1720.0,-1472.0,-1176.0,-976.0,-856.0,-812.0,-700.0
1121,1121560.6588294148,-1960.0,-1920.0,-1820.0,-1740.0,-1396.0,-1132.0,-1008.0,-840.0,-776.0,-724.0
1122,1122561.1580790395,-2012.0,-1952.0,-1796.0,-1772.0,-1380.0,-1080.0,-984.0,-892.0,-752.0,-756.0
1123,1123561.6573286643,-2008.0,-1964.0,-1856.0,-1724.0,-1332.0,-976.0,-1064.0,-872.0,-796.0,-756.0
1124,1124562.156578289,-1988.0,-2012.0,-1856.0,-1712.0,-1380.0,-1152.0,-1024.0,-876.0,-700.0,-772.0
1125,1125562.655827914,-1988.0,-1992.0,-1844.0,-1712.0,-1408.0,-1144.0,-964.0,-936.0,-708.0,-684.0
1126,1126563.1550775387,-2000.0,-1988.0,-1844.0,-1704.0,-1404.0,-1060.0,-1032.0,-852.0,-732.0,-648.0
1127,1127563.6543271635,-1984.0,-1980.0,-1900.0,-1704.0,-1360.0,-1076.0,-1036.0,-836.0,-756.0,-708.0
1128,1128564.1535767883,-2000.0,-1960.0,-1868.0,-1708.0,-1380.0,-1172.0,-1032.0,-920.0,-752.0,-680.0
1129,1129564.652826413,-2008.0,-1996.0,-1864.0,-1660.0,-1448.0,-1176.0,-980.0,-900.0,-732.0,-780.0
1130,1130565.152076038,-1984.0,-1968.0,-1920.0,-1656.0,-1408.0,-1160.0,-920.0,-820.0,-668.0,-732.0
1131,1131565.6513256629,-1996.0,-1928.0,-1904.0,-1684.0,-1392.0,-1224.0,-960.0,-788.0,-724.0,-756.0
1132,1132566.1505752876,-1976.0,-1928.0,-1864.0,-1624.0,-1352.0,-1144.0,-936.0,-728.0,-764.0,-644.0
1133,1133566.6498249124,-2012.0,-1904.0,-1856.0,-1632.0,-1332.0,-1060.0,-992.0,-812.0,-728.0,-640.0
1134,1134567.1490745372,-1988.0,-1912.0,-1876.0,-1624.0,-1392.0,-1040.0,-1084.0,-876.0,-788.0,-776.0
1135,1135567.648324162,-1984.0,-1968.0,-1868.0,-1724.0,-1400.0,-1116.0,-1040.0,-936.0,-816.0,-772.0
1136,1136568.1475737868,-2008.0,-1964.0,-1836.0,-1720.0,-1524.0,-1024.0,-1052.0,-924.0,-800.0,-720.0
1137,1137568.6468234116,-2004.0,-1968.0,-1824.0,-1700.0,-1452.0,-1000.0,-984.0,-884.0,-804.0,-752.0
1138,1138569.1460730364,-2008.0,-1972.0,-1808.0,-1716.0,-1472.0,-1044.0,-1044.0,-876.0,-788.0,-776.0
1139,1139569.6453226614,-2024.0,-1936.0,-1796.0,-1752.0,-1480.0,-948.0,-1024.0,-960.0,-872.0,-756.0
1140,1140570.1445722862,-1980.0,-1928.0,-1820.0,-1792.0,-1404.0,-1016.0,-944.0,-820.0,-856.0,-696.0
1141,1141570.643821911,-2016.0,-1968.0,-1864.0,-1748.0,-1436.0,-1076.0,-948.0,-888.0,-876.0,-692.0
1142,1142571.1430715357,-1996.0,-1952.0,-1848.0,-1716.0,-1392.0,-1052.0,-980.0,-792.0,-980.0,-676.0
1143,1143571.6423211605,-1996.0,-1956.0,-1836.0,-1732.0,-1332.0,-1024.0,-984.0,-852.0,-932.0,-688.0
1144,1144572.1415707853,-2004.0,-1972.0,-1836.0,-1744.0,-1308.0,-1052.0,-1020.0,-800.0,-836.0,-716.0
1145,1145572.64082041,-1988.0,-1956.0,-1772.0,-1776.0,-1252.0,-1108.0,-1064.0,-808.0,-804.0,-844.0
1146,1146573.140070035,-1976.0,-2004.0,-1756.0,-1808.0,-1316.0,-1108.0,-1044.0,-860.0,-728.0,-792.0
1147,1147573.6393196597,-1996.0,-1972.0,-1796.0,-1820.0,-1400.0,-1108.0,-1024.0,-844.0,-776.0,-816.0
1148,1148574.1385692847,-2008.0,-1944.0,-1808.0,-1772.0,-1384.0,-1128.0,-960.0,-732.0,-852.0,-728.0
1149,1149574.6378189095,-1980.0,-1952.0,-1832.0,-1760.0,-1348.0,-1108.0,-984.0,-816.0,-748.0,-788.0
1150,1150575.1370685343,-1988.0,-1976.0,-1812.0,-1800.0,-1376.0,-1056.0,-1040.0,-768.0,-760.0,-804.0
1151,1151575.636318159,-2008.0,-1936.0,-1840.0,-1656.0,-1448.0,-1080.0,-1148.0,-812.0,-764.0,-700.0
1152,1152576.1355677838,-2004.0,-1956.0,-1788.0,-1700.0,-1428.0,-988.0,-1144.0,-760.0,-804.0,-708.0
1153,1153576.6348174086,-1988.0,-1968.0,-1800.0,-1716.0,-1436.0,-1024.0,-996.0,-820.0,-864.0,-720.0
1154,1154577.1340670334,-2032.0,-1936.0,-1804.0,-1584.0,-1344.0,-1032.0,-1044.0,-864.0,-708.0,-604.0
1155,1155577.6333166582,-1980.0,-1928.0,-1808.0,-1660.0,-1288.0,-1072.0,-1016.0,-776.0,-776.0,-684.0
1156,1156578.132566283,-1984.0,-1960.0,-1852.0,-1644.0,-1324.0,-1100.0,-1072.0,-864.0,-788.0,-712.0
1157,1157578.631815908,-1980.0,-1992.0,-1848.0,-1692.0,-1300.0,-1116.0,-1172.0,-876.0,-848.0,-640.0
1158,1158579.1310655328,-1968.0,-1956.0,-1828.0,-1728.0,-1428.0,-1008.0,-1108.0,-848.0,-792.0,-704.0
1159,1159579.6303151576,-1972.0,-1924.0,-1864.0,-1712.0,-1472.0,-1032.0,-1200.0,-980.0,-820.0,-836.0
1160,1160580.1295647824,-1968.0,-1900.0,-1884.0,-1656.0,-1416.0,-1092.0,-1180.0,-908.0,-760.0,-784.0
1161,1161580.6288144072,-1976.0,-1892.0,-1944.0,-1700.0,-1444.0,-1112.0,-1144.0,-892.0,-800.0,-832.0
1162,1162581.128064032,-1996.0,-1944.0,-1844.0,-1704.0,-1408.0,-1144.0,-1068.0,-836.0,-828.0,-800.0
1163,1163581.6273136567,-1980.0,-1924.0,-1808.0,-1744.0,-1412.0,-1172.0,-1012.0,-872.0,-776.0,-824.0
1164,1164582.1265632815,-2012.0,-1924.0,-1828.0,-1764.0,-1416.0,-1100.0,-920.0,-744.0,-796.0,-748.0
1165,1165582.6258129063,-1984.0,-1916.0,-1796.0,-1692.0,-1424.0,-1128.0,-980.0,-804.0,-776.0,-796.0
1166,1166583.1250625313,-1980.0,-1916.0,-1836.0,-1732.0,-1372.0,-1108.0,-1020.0,-848.0,-688.0,-836.0
1167,1167583.624312156,-1992.0,-1968.0,-1784.0,-1704.0,-1460.0,-1080.0,-1020.0,-816.0,-796.0,-748.0
1168,1168584.123561781,-1948.0,-1968.0,-1796.0,-1628.0,-1380.0,-1140.0,-1024.0,-856.0,-824.0,-868.0
1169,1169584.6228114057,-1980.0,-1948.0,-1768.0,-1652.0,-1420.0,-1120.0,-1072.0,-880.0,-824.0,-888.0
1170,1170585.1220610305,-1988.0,-1932.0,-1848.0,-1576.0,-1392.0,-1144.0,-1016.0,-832.0,-692.0,-796.0
1171,1171585.6213106553,-1996.0,-1904.0,-1856.0,-1616.0,-1412.0,-1244.0,-944.0,-828.0,-772.0,-776.0
1172,1172586.12056028,-2016.0,-1932.0,-1864.0,-1640.0,-1404.0,-1204.0,-940.0,-820.0,-832.0,-764.0
1173,1173586.6198099048,-2024.0,-1924.0,-1856.0,-1604.0,-1404.0,-1192.0,-1000.0,-804.0,-804.0,-724.0
1174,1174587.1190595296,-2008.0,-1956.0,-1864.0,-1720.0,-1444.0,-1208.0,-928.0,-908.0,-752.0,-704.0
1175,1175587.6183091546,-1972.0,-1924.0,-1812.0,-1748.0,-1424.0,-1212.0,-1020.0,-984.0,-736.0,-740.0
1176,1176588.1175587794,-2016.0,-1900.0,-1816.0,-1728.0,-1400.0,-1248.0,-1072.0,-956.0,-828.0,-704.0
1177,1177588.6168084042,-2020.0,-1908.0,-1780.0,-1716.0,-1412.0,-1172.0,-988.0,-984.0,-796.0,-728.0
1178,1178589.116058029,-1996.0,-1928.0,-1820.0,-1660.0,-1328.0,-1200.0,-1020.0,-860.0,-840.0,-748.0
1179,1179589.6153076538,-2004.0,-1908.0,-1816.0,-1648.0,-1384.0,-1156.0,-1048.0,-892.0,-872.0,-760.0
1180,1180590.1145572786,-2008.0,-1948.0,-1764.0,-1644.0,-1328.0,-1160.0,-952.0,-912.0,-884.0,-640.0
1181,1181590.6138069034,-2004.0,-1936.0,-1764.0,-1704.0,-1456.0,-1168.0,-1056.0,-928.0,-868.0,-748.0
1182,1182591.1130565281,-2032.0,-1884.0,-1796.0,-1676.0,-1440.0,-1224.0,-1048.0,-824.0,-780.0,-648.0
1183,1183591.612306153,-2004.0,-1900.0,-1872.0,-1604.0,-1416.0,-1256.0,-1048.0,-928.0,-748.0,-764.0
1184,1184592.111555778,-1988.0,-1924.0,-1848.0,-1608.0,-1492.0,-1208.0,-1036.0,-912.0,-852.0,-708.0
1185,1185592.6108054027,-2008.0,-1924.0,-1844.0,-1668.0,-1472.0,-1220.0,-1080.0,-840.0,-812.0,-748.0
1186,1186593.1100550275,-2012.0,-1916.0,-1828.0,-1664.0,-1472.0,-1144.0,-1104.0,-852.0,-772.0,-640.0
1187,1187593.6093046523,-2008.0,-1924.0,-1832.0,-1640.0,-1456.0,-1116.0,-988.0,-940.0,-836.0,-820.0
1188,1188594.108554277,-2036.0,-1952.0,-1820.0,-1624.0,-1444.0,-1124.0,-996.0,-804.0,-840.0,-804.0
1189,1189594.607803902,-2036.0,-1936.0,-1808.0,-1700.0,-1444.0,-1096.0,-948.0,-792.0,-836.0,-848.0
1190,1190595.1070535267,-2032.0,-1940.0,-1864.0,-1664.0,-1508.0,-1156.0,-1012.0,-876.0,-832.0,-804.0
1191,1191595.6063031515,-2020.0,-1932.0,-1884.0,-1640.0,-1556.0,-1120.0,-984.0,-856.0,-804.0,-708.0
1192,1192596.1055527763,-2024.0,-1952.0,-1824.0,-1640.0,-1516.0,-1100.0,-1016.0,-828.0,-804.0,-692.0
1193,1193596.604802401,-2000.0,-1928.0,-1784.0,-1652.0,-1580.0,-1064.0,-980.0,-796.0,-868.0,-676.0
1194,1194597.104052026,-1996.0,-1956.0,-1820.0,-1696.0,-1544.0,-1072.0,-1012.0,-868.0,-868.0,-652.0
1195,1195597.6033016508,-1980.0,-1936.0,-1796.0,-1636.0,-1540.0,-1168.0,-988.0,-848.0,-800.0,-744.0
1196,1196598.1025512756,-1984.0,-1932.0,-1852.0,-1688.0,-1552.0,-1152.0,-960.0,-880.0,-912.0,-772.0
1197,1197598.6018009004,-2020.0,-1896.0,-1884.0,-1688.0,-1520.0,-1172.0,-1036.0,-956.0,-772.0,-740.0
1198,1198599.1010505252,-1980.0,-1888.0,-1816.0,-1628.0,-1516.0,-1160.0,-1056.0,-916.0,-732.0,-788.0
1199,1199599.60030015,-1964.0,-1872.0,-1880.0,-1660.0,-1524.0,-1192.0,-952.0,-800.0,-768.0,-708.0
1200,1200600.0995497748,-1996.0,-1912.0,-1812.0,-1684.0,-1544.0,-1212.0,-964.0,-804.0,-796.0,-664.0
1201,1201600.5987993996,-2024.0,-1912.0,-1836.0,-1680.0,-1536.0,-1184.0,-1000.0,-820.0,-728.0,-676.0
1202,1202601.0980490244,-2000.0,-1936.0,-1868.0,-1728.0,-1404.0,-1236.0,-956.0,-908.0,-752.0,-736.0
1203,1203601.5972986494,-1972.0,-1956.0,-1904.0,-1712.0,-1436.0,-1204.0,-968.0,-908.0,-800.0,-768.0
1204,1204602.0965482742,-1972.0,-1944.0,-1844.0,-1716.0,-1332.0,-1172.0,-948.0,-892.0,-852.0,-712.0
1205,1205602.595797899,-1984.0,-1920.0,-1924.0,-1704.0,-1412.0,-1080.0,-960.0,-788.0,-808.0,-684.0
1206,1206603.0950475237,-2000.0,-1968.0,-1904.0,-1740.0,-1412.0,-1068.0,-960.0,-864.0,-864.0,-736.0
1207,1207603.5942971485,-1996.0,-1940.0,-1868.0,-1732.0,-1304.0,-1120.0,-1000.0,-844.0,-776.0,-792.0
1208,1208604.0935467733,-2016.0,-1944.0,-1844.0,-1720.0,-1256.0,-1024.0,-1016.0,-928.0,-736.0,-812.0
1209,1209604.592796398,-2000.0,-1952.0,-1820.0,-1776.0,-1288.0,-1124.0,-1064.0,-876.0,-812.0,-800.0
1210,1210605.0920460229,-2008.0,-1936.0,-1800.0,-1780.0,-1264.0,-1052.0,-1056.0,-840.0,-760.0,-900.0
1211,1211605.5912956477,-2020.0,-1904.0,-1800.0,-1720.0,-1324.0,-1096.0,-960.0,-896.0,-732.0,-828.0
1212,1212606.0905452727,-1992.0,-1908.0,-1816.0,-1660.0,-1344.0,-1064.0,-1028.0,-908.0,-708.0,-868.0
1213,1213606.5897948975,-2024.0,-1892.0,-1808.0,-1644.0,-1340.0,-1068.0,-992.0,-792.0,-776.0,-852.0
1214,1214607.0890445223,-2032.0,-1964.0,-1828.0,-1692.0,-1444.0,-1104.0,-1072.0,-980.0,-724.0,-736.0
1215,1215607.588294147,-2012.0,-1952.0,-1828.0,-1664.0,-1476.0,-1112.0,-980.0,-972.0,-800.0,-752.0
1216,1216608.0875437718,-2008.0,-1948.0,-1828.0,-1724.0,-1512.0,-1116.0,-888.0,-960.0,-864.0,-764.0
1217,1217608.5867933966,-1996.0,-1952.0,-1776.0,-1616.0,-1484.0,-1164.0,-852.0,-996.0,-856.0,-744.0
1218,1218609.0860430214,-1996.0,-1916.0,-1816.0,-1680.0,-1428.0,-1136.0,-916.0,-988.0,-828.0,-712.0
1219,1219609.5852926462,-2040.0,-1916.0,-1848.0,-1604.0,-1400.0,-1132.0,-908.0,-944.0,-660.0,-648.0
1220,1220610.084542271,-2000.0,-1884.0,-1868.0,-1648.0,-1488.0,-1104.0,-956.0,-936.0,-772.0,-740.0
1221,1221610.583791896,-1996.0,-1880.0,-1860.0,-1640.0,-1516.0,-1140.0,-1024.0,-972.0,-856.0,-768.0
1222,1222611.0830415208,-1980.0,-1808.0,-1832.0,-1596.0,-1500.0,-1152.0,-976.0,-964.0,-844.0,-700.0
1223,1223611.5822911456,-2008.0,-1884.0,-1824.0,-1620.0,-1516.0,-1136.0,-996.0,-840.0,-808.0,-664.0
1224,1224612.0815407704,-2004.0,-1936.0,-1856.0,-1672.0,-1508.0,-1112.0,-1028.0,-864.0,-756.0,-696.0
1225,1225612.5807903951,-2024.0,-1952.0,-1868.0,-1632.0,-1484.0,-1188.0,-1024.0,-808.0,-816.0,-736.0
1226,1226613.08004002,-2016.0,-1940.0,-1844.0,-1648.0,-1464.0,-1196.0,-948.0,-804.0,-744.0,-644.0
1227,1227613.5792896447,-2016.0,-1940.0,-1840.0,-1652.0,-1516.0,-1216.0,-1036.0,-900.0,-752.0,-752.0
1228,1228614.0785392695,-1980.0,-1976.0,-1880.0,-1700.0,-1524.0,-1224.0,-988.0,-988.0,-812.0,-720.0
1229,1229614.5777888943,-1980.0,-1968.0,-1896.0,-1768.0,-1516.0,-1164.0,-956.0,-908.0,-716.0,-752.0
1230,1230615.0770385193,-2016.0,-1976.0,-1892.0,-1696.0,-1376.0,-1136.0,-1028.0,-916.0,-736.0,-732.0
1231,1231615.576288144,-2032.0,-1972.0,-1948.0,-1748.0,-1440.0,-1104.0,-1040.0,-904.0,-768.0,-720.0
1232,1232616.075537769,-2032.0,-1980.0,-1912.0,-1760.0,-1340.0,-1112.0,-968.0,-892.0,-784.0,-704.0
1233,1233616.5747873937,-2016.0,-1956.0,-1876.0,-1736.0,-1408.0,-1112.0,-900.0,-932.0,-824.0,-728.0
1234,1234617.0740370185,-2020.0,-1936.0,-1900.0,-1660.0,-1352.0,-1080.0,-884.0,-888.0,-784.0,-716.0
1235,1235617.5732866433,-2016.0,-1900.0,-1900.0,-1652.0,-1464.0,-1088.0,-980.0,-792.0,-860.0,-788.0
1236,1236618.072536268,-2004.0,-1924.0,-1864.0,-1616.0,-1484.0,-1072.0,-912.0,-908.0,-828.0,-724.0
1237,1237618.5717858928,-1992.0,-1924.0,-1852.0,-1708.0,-1412.0,-1088.0,-900.0,-876.0,-884.0,-680.0
1238,1238619.0710355176,-2000.0,-1904.0,-1832.0,-1680.0,-1508.0,-1152.0,-980.0,-908.0,-840.0,-816.0
1239,1239619.5702851426,-2008.0,-1896.0,-1844.0,-1656.0,-1560.0,-1092.0,-900.0,-872.0,-720.0,-824.0
1240,1240620.0695347674,-2008.0,-1912.0,-1844.0,-1660.0,-1544.0,-1108.0,-912.0,-896.0,-808.0,-668.0
1241,1241620.5687843922,-2008.0,-1932.0,-1808.0,-1740.0,-1656.0,-1120.0,-1024.0,-796.0,-852.0,-720.0
1242,1242621.068034017,-2032.0,-1952.0,-1844.0,-1700.0,-1576.0,-1124.0,-1036.0,-780.0,-732.0,-692.0
1243,1243621.5672836418,-1996.0,-1972.0,-1876.0,-1740.0,-1560.0,-1164.0,-1048.0,-844.0,-880.0,-724.0
1244,1244622.0665332666,-1992.0,-1944.0,-1832.0,-1728.0,-1548.0,-1148.0,-1004.0,-852.0,-756.0,-644.0
1245,1245622.5657828914,-2012.0,-1940.0,-1808.0,-1664.0,-1500.0,-1164.0,-956.0,-844.0,-760.0,-712.0
1246,1246623.0650325161,-1996.0,-1932.0,-1864.0,-1708.0,-1456.0,-1172.0,-1012.0,-844.0,-808.0,-680.0
1247,1247623.564282141,-1996.0,-1932.0,-1844.0,-1684.0,-1428.0,-1144.0,-944.0,-916.0,-744.0,-656.0
1248,1248624.0635317657,-2008.0,-1912.0,-1780.0,-1732.0,-1372.0,-1144.0,-936.0,-852.0,-680.0,-716.0
1249,1249624.5627813907,-1988.0,-1948.0,-1780.0,-1712.0,-1356.0,-1140.0,-920.0,-768.0,-784.0,-692.0
1250,1250625.0620310155,-1984.0,-1948.0,-1792.0,-1684.0,-1312.0,-1108.0,-912.0,-800.0,-852.0,-656.0
1251,1251625.5612806403,-2008.0,-1952.0,-1816.0,-1740.0,-1304.0,-1176.0,-1028.0,-792.0,-808.0,-740.0
1252,1252626.060530265,-1960.0,-1980.0,-1868.0,-1740.0,-1288.0,-1220.0,-1012.0,-816.0,-844.0,-736.0
1253,1253626.5597798899,-2008.0,-1972.0,-1796.0,-1724.0,-1316.0,-1156.0,-1004.0,-844.0,-700.0,-756.0
1254,1254627.0590295147,-1976.0,-1988.0,-1820.0,-1688.0,-1332.0,-1180.0,-1040.0,-892.0,-816.0,-768.0
1255,1255627.5582791395,-1980.0,-1968.0,-1844.0,-1692.0,-1376.0,-1124.0,-1028.0,-876.0,-856.0,-720.0
1256,1256628.0575287642,-2000.0,-1904.0,-1804.0,-1660.0,-1364.0,-1096.0,-1032.0,-836.0,-808.0,-700.0
1257,1257628.556778389,-2016.0,-1904.0,-1816.0,-1692.0,-1376.0,-1084.0,-1000.0,-900.0,-808.0,-668.0
1258,1258629.056028014,-2008.0,-1984.0,-1804.0,-1732.0,-1444.0,-1108.0,-1004.0,-976.0,-872.0,-668.0
1259,1259629.5552776388,-2012.0,-1992.0,-1840.0,-1728.0,-1388.0,-1188.0,-996.0,-964.0,-904.0,-688.0
1260,1260630.0545272636,-1996.0,-1956.0,-1816.0,-1748.0,-1404.0,-1180.0,-956.0,-880.0,-856.0,-692.0
1261,1261630.5537768884,-2008.0,-2020.0,-1876.0,-1760.0,-1384.0,-1128.0,-968.0,-916.0,-804.0,-620.0
1262,1262631.0530265132,-2028.0,-1992.0,-1876.0,-1728.0,-1436.0,-1000.0,-916.0,-944.0,-828.0,-636.0
1263,1263631.552276138,-2000.0,-1996.0,-1888.0,-1676.0,-1496.0,-1064.0,-980.0,-948.0,-824.0,-700.0
1264,1264632.0515257628,-2016.0,-1960.0,-1912.0,-1664.0,-1464.0,-1144.0,-924.0,-880.0,-936.0,-748.0
1265,1265632.5507753876,-2004.0,-1952.0,-1900.0,-1700.0,-1456.0,-1160.0,-908.0,-908.0,-908.0,-788.0
1266,1266633.0500250123,-2000.0,-1932.0,-1848.0,-1672.0,-1480.0,-1080.0,-1020.0,-840.0,-796.0,-660.0
1267,1267633.5492746374,-1992.0,-1960.0,-1840.0,-1732.0,-1548.0,-1084.0,-956.0,-940.0,-836.0,-696.0
1268,1268634.0485242622,-1968.0,-1936.0,-1888.0,-1664.0,-1500.0,-1040.0,-956.0,-880.0,-896.0,-772.0
1269,1269634.547773887,-1952.0,-1924.0,-1856.0,-1712.0,-1596.0,-1092.0,-940.0,-868.0,-808.0,-752.0
1270,1270635.0470235117,-1968.0,-1972.0,-1848.0,-1668.0,-1524.0,-1148.0,-936.0,-848.0,-832.0,-696.0
1271,1271635.5462731365,-1996.0,-1928.0,-1852.0,-1704.0,-1584.0,-1056.0,-964.0,-872.0,-764.0,-720.0
1272,1272636.0455227613,-1976.0,-1976.0,-1856.0,-1680.0,-1508.0,-1100.0,-1012.0,-828.0,-756.0,-652.0
1273,1273636.544772386,-1992.0,-1928.0,-1868.0,-1728.0,-1516.0,-1124.0,-1060.0,-856.0,-764.0,-616.0
1274,1274637.0440220109,-1992.0,-1944.0,-1788.0,-1728.0,-1428.0,-1092.0,-1064.0,-756.0,-844.0,-696.0
1275,1275637.5432716357,-1980.0,-1980.0,-1816.0,-1692.0,-1388.0,-1108.0,-1040.0,-792.0,-880.0,-684.0
1276,1276638.0425212607,-2016.0,-1992.0,-1820.0,-1732.0,-1380.0,-1108.0,-932.0,-868.0,-824.0,-704.0
1277,1277638.5417708855,-2008.0,-1944.0,-1840.0,-1712.0,-1436.0,-1064.0,-924.0,-844.0,-788.0,-752.0
1278,1278639.0410205103,-2048.0,-1976.0,-1836.0,-1672.0,-1428.0,-1140.0,-944.0,-920.0,-824.0,-756.0
1279,1279639.540270135,-2016.0,-1984.0,-1832.0,-1656.0,-1388.0,-1076.0,-1012.0,-880.0,-840.0,-844.0
1280,1280640.0395197598,-2012.0,-1972.0,-1824.0,-1644.0,-1524.0,-1080.0,-1008.0,-928.0,-756.0,-812.0
1281,1281640.5387693846,-2016.0,-1988.0,-1816.0,-1640.0,-1524.0,-1120.0,-928.0,-868.0,-960.0,-836.0
1282,1282641.0380190094,-1996.0,-1996.0,-1808.0,-1732.0,-1600.0,-1068.0,-940.0,-928.0,-928.0,-876.0
1283,1283641.5372686342,-1976.0,-1948.0,-1820.0,-1732.0,-1516.0,-1032.0,-880.0,-948.0,-964.0,-872.0
1284,1284642.036518259,-1984.0,-1912.0,-1840.0,-1700.0,-1448.0,-1048.0,-900.0,-912.0,-884.0,-880.0
1285,1285642.535767884,-1972.0,-1888.0,-1856.0,-1676.0,-1392.0,-1032.0,-956.0,-880.0,-872.0,-852.0
1286,1286643.0350175088,-1984.0,-1880.0,-1880.0,-1588.0,-1352.0,-1016.0,-892.0,-908.0,-888.0,-760.0
1287,1287643.5342671336,-1992.0,-1932.0,-1868.0,-1620.0,-1336.0,-1096.0,-912.0,-816.0,-908.0,-648.0
1288,1288644.0335167584,-1992.0,-1936.0,-1876.0,-1588.0,-1368.0,-1076.0,-960.0,-828.0,-764.0,-752.0
1289,1289644.5327663831,-1984.0,-1916.0,-1840.0,-1652.0,-1308.0,-1116.0,-900.0,-812.0,-856.0,-732.0
1290,1290645.032016008,-1996.0,-1920.0,-1884.0,-1652.0,-1292.0,-1040.0,-896.0,-772.0,-824.0,-740.0
1291,1291645.5312656327,-1976.0,-1932.0,-1876.0,-1644.0,-1316.0,-1112.0,-952.0,-800.0,-840.0,-740.0
1292,1292646.0305152575,-1972.0,-1960.0,-1828.0,-1604.0,-1380.0,-1048.0,-896.0,-864.0,-872.0,-640.0
1293,1293646.5297648823,-2004.0,-1936.0,-1848.0,-1612.0,-1396.0,-1016.0,-900.0,-872.0,-868.0,-748.0
1294,1294647.0290145073,-2000.0,-1900.0,-1820.0,-1556.0,-1464.0,-1012.0,-952.0,-992.0,-924.0,-748.0
1295,1295647.528264132,-1976.0,-1940.0,-1828.0,-1676.0,-1408.0,-1032.0,-1008.0,-968.0,-900.0,-776.0
1296,1296648.0275137569,-1992.0,-1952.0,-1868.0,-1656.0,-1380.0,-1028.0,-948.0,-884.0,-840.0,-776.0
1297,1297648.5267633817,-1956.0,-1884.0,-1868.0,-1696.0,-1344.0,-1036.0,-984.0,-860.0,-916.0,-740.0
1298,1298649.0260130065,-1984.0,-1924.0,-1796.0,-1724.0,-1452.0,-1100.0,-844.0,-836.0,-908.0,-760.0
1299,1299649.5252626312,-2000.0,-1904.0,-1684.0,-1748.0,-1292.0,-1112.0,-844.0,-816.0,-820.0,-768.0
1300,1300650.024512256,-2032.0,-1904.0,-1692.0,-1784.0,-1328.0,-1080.0,-1020.0,-824.0,-732.0,-800.0
1301,1301650.5237618808,-2008.0,-1936.0,-1724.0,-1712.0,-1344.0,-1076.0,-1004.0,-920.0,-712.0,-776.0
1302,1302651.0230115056,-2012.0,-1924.0,-1772.0,-1688.0,-1396.0,-1104.0,-976.0,-928.0,-764.0,-844.0
1303,1303651.5222611306,-2016.0,-1964.0,-1804.0,-1708.0,-1380.0,-1148.0,-892.0,-944.0,-736.0,-708.0
1304,1304652.0215107554,-1980.0,-1952.0,-1808.0,-1784.0,-1364.0,-1064.0,-892.0,-952.0,-752.0,-656.0
1305,1305652.5207603802,-1976.0,-1952.0,-1800.0,-1720.0,-1352.0,-1028.0,-960.0,-864.0,-768.0,-668.0
1306,1306653.020010005,-2008.0,-1936.0,-1816.0,-1708.0,-1268.0,-1072.0,-1004.0,-808.0,-668.0,-748.0
1307,1307653.5192596298,-2032.0,-1960.0,-1796.0,-1740.0,-1276.0,-1028.0,-1060.0,-912.0,-728.0,-728.0
1308,1308654.0185092546,-1984.0,-1948.0,-1764.0,-1608.0,-1272.0,-1024.0,-1104.0,-944.0,-676.0,-720.0
1309,1309654.5177588793,-2008.0,-1964.0,-1828.0,-1672.0,-1232.0,-1072.0,-1016.0,-916.0,-692.0,-752.0
1310,1310655.0170085041,-1996.0,-2000.0,-1780.0,-1752.0,-1280.0,-1100.0,-1020.0,-856.0,-736.0,-752.0
1311,1311655.516258129,-1976.0,-2012.0,-1740.0,-1752.0,-1316.0,-1092.0,-984.0,-868.0,-812.0,-660.0
1312,1312656.015507754,-1960.0,-1948.0,-1744.0,-1764.0,-1344.0,-1072.0,-1000.0,-856.0,-764.0,-704.0
1313,1313656.5147573787,-2000.0,-1932.0,-1700.0,-1720.0,-1432.0,-1036.0,-1020.0,-760.0,-768.0,-696.0
1314,1314657.0140070035,-1984.0,-1960.0,-1676.0,-1736.0,-1408.0,-1028.0,-1040.0,-832.0,-732.0,-664.0
1315,1315657.5132566283,-1992.0,-1924.0,-1680.0,-1764.0,-1376.0,-1116.0,-1108.0,-852.0,-804.0,-784.0
1316,1316658.012506253,-1968.0,-1928.0,-1704.0,-1744.0,-1336.0,-1080.0,-1196.0,-748.0,-836.0,-744.0
1317,1317658.5117558779,-1968.0,-1952.0,-1716.0,-1732.0,-1312.0,-1044.0,-1192.0,-740.0,-840.0,-752.0
1318,1318659.0110055027,-1984.0,-1940.0,-1776.0,-1704.0,-1324.0,-1068.0,-1112.0,-820.0,-832.0,-720.0
1319,1319659.5102551274,-1940.0,-1896.0,-1784.0,-1672.0,-1380.0,-1024.0,-1116.0,-880.0,-860.0,-772.0
1320,1320660.0095047522,-1996.0,-1916.0,-1836.0,-1680.0,-1328.0,-1056.0,-1080.0,-860.0,-860.0,-784.0
1321,1321660.508754377,-1972.0,-1912.0,-1792.0,-1712.0,-1376.0,-1124.0,-1076.0,-820.0,-816.0,-760.0
1322,1322661.008004002,-2024.0,-1960.0,-1760.0,-1704.0,-1380.0,-1192.0,-1084.0,-900.0,-788.0,-672.0
1323,1323661.5072536268,-2032.0,-1952.0,-1684.0,-1744.0,-1392.0,-1180.0,-1020.0,-936.0,-744.0,-808.0
1324,1324662.0065032516,-1980.0,-1896.0,-1692.0,-1688.0,-1408.0,-1148.0,-1032.0,-888.0,-744.0,-792.0
1325,1325662.5057528764,-2008.0,-1936.0,-1724.0,-1636.0,-1380.0,-1180.0,-1084.0,-968.0,-832.0,-724.0
1326,1326663.0050025012,-2028.0,-1892.0,-1688.0,-1616.0,-1476.0,-1212.0,-1032.0,-1000.0,-736.0,-720.0
1327,1327663.504252126,-2016.0,-1944.0,-1716.0,-1528.0,-1492.0,-1140.0,-1084.0,-896.0,-712.0,-660.0
1328,1328664.0035017508,-2012.0,-1924.0,-1700.0,-1608.0,-1540.0,-1140.0,-976.0,-940.0,-760.0,-744.0
1329,1329664.5027513755,-1996.0,-1924.0,-1724.0,-1660.0,-1524.0,-1208.0,-1080.0,-916.0,-708.0,-688.0
1330,1330665.0020010003,-2008.0,-1916.0,-1740.0,-1632.0,-1532.0,-1208.0,-1040.0,-860.0,-796.0,-752.0
1331,1331665.5012506254,-2000.0,-1948.0,-1712.0,-1664.0,-1456.0,-1208.0,-976.0,-844.0,-812.0,-688.0
1332,1332666.0005002501,-1968.0,-2012.0,-1688.0,-1680.0,-1440.0,-1168.0,-1004.0,-884.0,-772.0,-704.0
1333,1333666.499749875,-1948.0,-1928.0,-1756.0,-1748.0,-1500.0,-1156.0,-964.0,-956.0,-852.0,-684.0
1334,1334666.9989994997,-1980.0,-1904.0,-1752.0,-1728.0,-1424.0,-1196.0,-1032.0,-960.0,-796.0,-664.0
1335,1335667.4982491245,-2004.0,-1904.0,-1744.0,-1716.0,-1540.0,-1160.0,-988.0,-884.0,-820.0,-748.0
1336,1336667.9974987493,-2012.0,-1912.0,-1792.0,-1800.0,-1432.0,-1152.0,-920.0,-948.0,-716.0,-752.0
1337,1337668.496748374,-2032.0,-1904.0,-1808.0,-1812.0,-1420.0,-1144.0,-912.0,-936.0,-744.0,-672.0
1338,1338668.9959979989,-2024.0,-1936.0,-1804.0,-1792.0,-1464.0,-1120.0,-956.0,-924.0,-832.0,-704.0
1339,1339669.4952476237,-2008.0,-1968.0,-1736.0,-1772.0,-1400.0,-1144.0,-944.0,-888.0,-840.0,-720.0
1340,1340669.9944972487,-1992.0,-1968.0,-1768.0,-1760.0,-1396.0,-1068.0,-1024.0,-804.0,-884.0,-760.0
1341,1341670.4937468735,-2000.0,-2012.0,-1740.0,-1728.0,-1376.0,-1084.0,-1008.0,-880.0,-892.0,-788.0
1342,1342670.9929964982,-2040.0,-1956.0,-1708.0,-1668.0,-1460.0,-1108.0,-924.0,-856.0,-952.0,-744.0
1343,1343671.492246123,-2024.0,-1920.0,-1740.0,-1672.0,-1456.0,-1024.0,-980.0,-840.0,-848.0,-736.0
1344,1344671.9914957478,-2028.0,-1872.0,-1772.0,-1728.0,-1520.0,-1052.0,-1108.0,-884.0,-820.0,-716.0
1345,1345672.4907453726,-1992.0,-1888.0,-1792.0,-1728.0,-1456.0,-1148.0,-964.0,-856.0,-840.0,-636.0
1346,1346672.9899949974,-2000.0,-1912.0,-1764.0,-1700.0,-1444.0,-1156.0,-852.0,-896.0,-856.0,-680.0
1347,1347673.4892446222,-2024.0,-1928.0,-1832.0,-1680.0,-1432.0,-1180.0,-932.0,-924.0,-848.0,-652.0
1348,1348673.988494247,-2020.0,-1960.0,-1784.0,-1708.0,-1516.0,-1168.0,-920.0,-996.0,-872.0,-656.0
1349,1349674.487743872,-2016.0,-1912.0,-1780.0,-1768.0,-1460.0,-1192.0,-1004.0,-892.0,-816.0,-660.0
1350,1350674.9869934968,-2032.0,-1948.0,-1800.0,-1760.0,-1440.0,-1244.0,-948.0,-904.0,-672.0,-704.0
1351,1351675.4862431216,-2016.0,-1920.0,-1876.0,-1740.0,-1460.0,-1096.0,-920.0,-920.0,-788.0,-668.0
1352,1352675.9854927463,-1992.0,-1952.0,-1884.0,-1772.0,-1404.0,-1044.0,-888.0,-816.0,-780.0,-624.0
1353,1353676.4847423711,-1996.0,-1948.0,-1824.0,-1708.0,-1384.0,-1168.0,-928.0,-884.0,-776.0,-676.0
1354,1354676.983991996,-1976.0,-1940.0,-1860.0,-1732.0,-1432.0,-1248.0,-980.0,-916.0,-740.0,-732.0
1355,1355677.4832416207,-2000.0,-1948.0,-1864.0,-1772.0,-1448.0,-1256.0,-1016.0,-924.0,-868.0,-740.0
1356,1356677.9824912455,-1976.0,-1948.0,-1884.0,-1644.0,-1496.0,-1236.0,-1024.0,-868.0,-864.0,-676.0
1357,1357678.4817408703,-1992.0,-1932.0,-1852.0,-1704.0,-1612.0,-1200.0,-980.0,-860.0,-760.0,-732.0
1358,1358678.9809904953,-1984.0,-1944.0,-1808.0,-1660.0,-1600.0,-1216.0,-968.0,-856.0,-876.0,-724.0
1359,1359679.48024012,-2008.0,-1976.0,-1796.0,-1716.0,-1596.0,-1188.0,-960.0,-864.0,-848.0,-736.0
1360,1360679.9794897449,-2012.0,-1996.0,-1868.0,-1784.0,-1632.0,-1196.0,-948.0,-844.0,-840.0,-684.0
1361,1361680.4787393697,-1956.0,-1980.0,-1832.0,-1788.0,-1524.0,-1152.0,-1000.0,-832.0,-848.0,-752.0
1362,1362680.9779889944,-2012.0,-1924.0,-1852.0,-1748.0,-1540.0,-1108.0,-1028.0,-772.0,-656.0,-656.0
1363,1363681.4772386192,-2004.0,-1940.0,-1792.0,-1704.0,-1428.0,-1176.0,-1024.0,-840.0,-764.0,-672.0
1364,1364681.976488244,-1984.0,-1920.0,-1840.0,-1756.0,-1460.0,-1128.0,-972.0,-908.0,-828.0,-732.0
1365,1365682.4757378688,-1996.0,-1944.0,-1844.0,-1804.0,-1484.0,-1124.0,-952.0,-884.0,-776.0,-804.0
1366,1366682.9749874936,-1992.0,-1920.0,-1888.0,-1800.0,-1504.0,-1236.0,-864.0,-848.0,-824.0,-816.0
1367,1367683.4742371186,-2008.0,-1892.0,-1884.0,-1812.0,-1436.0,-1168.0,-880.0,-880.0,-812.0,-736.0
1368,1368683.9734867434,-1992.0,-1940.0,-1816.0,-1728.0,-1444.0,-1140.0,-924.0,-884.0,-796.0,-620.0
1369,1369684.4727363682,-2012.0,-1944.0,-1848.0,-1684.0,-1540.0,-1084.0,-856.0,-980.0,-776.0,-684.0
1370,1370684.971985993,-2008.0,-1932.0,-1820.0,-1640.0,-1512.0,-1128.0,-1040.0,-924.0,-780.0,-632.0
1371,1371685.4712356178,-2012.0,-1948.0,-1804.0,-1572.0,-1472.0,-1088.0,-984.0,-892.0,-800.0,-636.0
1372,1372685.9704852425,-2040.0,-2000.0,-1764.0,-1600.0,-1512.0,-1100.0,-1000.0,-864.0,-788.0,-696.0
1373,1373686.4697348673,-2024.0,-1984.0,-1784.0,-1592.0,-1544.0,-1220.0,-936.0,-872.0,-852.0,-772.0
1374,1374686.9689844921,-2016.0,-1980.0,-1720.0,-1612.0,-1512.0,-1260.0,-1012.0,-828.0,-760.0,-812.0
1375,1375687.468234117,-2004.0,-1976.0,-1820.0,-1680.0,-1552.0,-1140.0,-972.0,-804.0,-844.0,-824.0
1376,1376687.9674837417,-2000.0,-1968.0,-1884.0,-1616.0,-1464.0,-1064.0,-916.0,-828.0,-832.0,-776.0
1377,1377688.4667333667,-2004.0,-1984.0,-1868.0,-1580.0,-1556.0,-1152.0,-928.0,-812.0,-780.0,-752.0
1378,1378688.9659829915,-2012.0,-1956.0,-1812.0,-1624.0,-1520.0,-1140.0,-992.0,-916.0,-888.0,-828.0
1379,1379689.4652326163,-1992.0,-1976.0,-1800.0,-1620.0,-1520.0,-1108.0,-960.0,-912.0,-744.0,-780.0
1380,1380689.964482241,-1976.0,-1968.0,-1856.0,-1684.0,-1556.0,-1112.0,-960.0,-888.0,-752.0,-752.0
1381,1381690.4637318659,-2012.0,-1940.0,-1896.0,-1660.0,-1560.0,-1084.0,-928.0,-768.0,-704.0,-672.0
1382,1382690.9629814907,-1988.0,-1940.0,-1952.0,-1788.0,-1640.0,-932.0,-880.0,-868.0,-676.0,-788.0
1383,1383691.4622311154,-2024.0,-1940.0,-1908.0,-1768.0,-1580.0,-976.0,-928.0,-868.0,-664.0,-776.0
1384,1384691.9614807402,-2016.0,-1924.0,-1900.0,-1780.0,-1584.0,-992.0,-972.0,-908.0,-736.0,-684.0
1385,1385692.460730365,-2008.0,-1940.0,-1900.0,-1728.0,-1548.0,-984.0,-1028.0,-888.0,-700.0,-784.0
1386,1386692.95997999,-1984.0,-1932.0,-1828.0,-1804.0,-1548.0,-1072.0,-964.0,-868.0,-760.0,-732.0
1387,1387693.4592296148,-1988.0,-1896.0,-1852.0,-1856.0,-1564.0,-1080.0,-996.0,-876.0,-812.0,-724.0
1388,1388693.9584792396,-2008.0,-1904.0,-1808.0,-1808.0,-1520.0,-1056.0,-1000.0,-912.0,-756.0,-688.0
1389,1389694.4577288644,-2000.0,-1876.0,-1904.0,-1760.0,-1444.0,-1012.0,-920.0,-800.0,-748.0,-716.0
1390,1390694.9569784892,-2020.0,-1856.0,-1932.0,-1784.0,-1520.0,-1060.0,-940.0,-904.0,-724.0,-748.0
1391,1391695.456228114,-2024.0,-1936.0,-1880.0,-1768.0,-1564.0,-1032.0,-964.0,-940.0,-800.0,-732.0
1392,1392695.9554777388,-2016.0,-1944.0,-1876.0,-1732.0,-1560.0,-1016.0,-928.0,-948.0,-824.0,-772.0
1393,1393696.4547273635,-2000.0,-1980.0,-1872.0,-1776.0,-1564.0,-1108.0,-932.0,-940.0,-752.0,-800.0
1394,1394696.9539769883,-1960.0,-1944.0,-1860.0,-1720.0,-1544.0,-1080.0,-924.0,-988.0,-764.0,-756.0
1395,1395697.4532266133,-1976.0,-1984.0,-1816.0,-1732.0,-1540.0,-1004.0,-976.0,-908.0,-804.0,-692.0
1396,1396697.9524762381,-1976.0,-1972.0,-1840.0,-1736.0,-1492.0,-1056.0,-980.0,-804.0,-772.0,-780.0
1397,1397698.451725863,-2000.0,-1948.0,-1852.0,-1748.0,-1468.0,-1032.0,-916.0,-884.0,-780.0,-720.0
1398,1398698.9509754877,-1976.0,-1944.0,-1860.0,-1792.0,-1496.0,-1104.0,-956.0,-848.0,-836.0,-728.0
1399,1399699.4502251125,-2012.0,-1944.0,-1884.0,-1816.0,-1476.0,-1116.0,-996.0,-880.0,-856.0,-776.0
1400,1400699.9494747373,-2000.0,-1940.0,-1884.0,-1788.0,-1440.0,-1080.0,-924.0,-1012.0,-768.0,-732.0
1401,1401700.448724362,-2000.0,-1924.0,-1856.0,-1788.0,-1444.0,-1060.0,-932.0,-952.0,-680.0,-720.0
1402,1402700.9479739869,-1976.0,-1956.0,-1860.0,-1752.0,-1368.0,-1132.0,-984.0,-924.0,-748.0,-708.0
1403,1403701.4472236116,-1988.0,-1976.0,-1852.0,-1672.0,-1416.0,-1052.0,-1040.0,-904.0,-736.0,-692.0
1404,1404701.9464732367,-1996.0,-1912.0,-1852.0,-1720.0,-1348.0,-1016.0,-1016.0,-904.0,-796.0,-700.0
1405,1405702.4457228614,-2008.0,-1920.0,-1844.0,-1708.0,-1316.0,-1080.0,-976.0,-924.0,-924.0,-700.0
1406,1406702.9449724862,-1972.0,-1864.0,-1852.0,-1728.0,-1376.0,-1080.0,-960.0,-940.0,-780.0,-708.0
1407,1407703.444222111,-2004.0,-1880.0,-1820.0,-1708.0,-1352.0,-1092.0,-1008.0,-856.0,-816.0,-724.0
1408,1408703.9434717358,-2024.0,-1892.0,-1816.0,-1712.0,-1264.0,-1132.0,-896.0,-900.0,-796.0,-768.0
1409,1409704.4427213606,-2040.0,-1892.0,-1828.0,-1748.0,-1352.0,-1148.0,-916.0,-980.0,-792.0,-824.0
1410,1410704.9419709854,-2024.0,-1896.0,-1852.0,-1640.0,-1276.0,-1084.0,-1032.0,-968.0,-872.0,-696.0
1411,1411705.4412206102,-2008.0,-1884.0,-1832.0,-1704.0,-1312.0,-980.0,-984.0,-924.0,-772.0,-560.0
1412,1412705.940470235,-1988.0,-1932.0,-1808.0,-1672.0,-1348.0,-1068.0,-944.0,-964.0,-776.0,-696.0
1413,1413706.43971986,-2020.0,-1944.0,-1852.0,-1684.0,-1372.0,-1068.0,-912.0,-880.0,-704.0,-664.0
1414,1414706.9389694848,-2000.0,-1984.0,-1872.0,-1656.0,-1380.0,-1048.0,-876.0,-880.0,-752.0,-672.0
1415,1415707.4382191096,-1988.0,-1972.0,-1912.0,-1700.0,-1352.0,-996.0,-972.0,-880.0,-848.0,-700.0
1416,1416707.9374687343,-2004.0,-1972.0,-1868.0,-1704.0,-1380.0,-996.0,-960.0,-828.0,-876.0,-696.0
1417,1417708.4367183591,-1988.0,-1984.0,-1892.0,-1692.0,-1428.0,-1052.0,-1000.0,-852.0,-812.0,-676.0
1418,1418708.935967984,-1976.0,-1972.0,-1900.0,-1676.0,-1436.0,-1076.0,-936.0,-900.0,-812.0,-696.0
1419,1419709.4352176087,-1976.0,-1956.0,-1880.0,-1716.0,-1424.0,-1008.0,-1024.0,-948.0,-848.0,-736.0
1420,1420709.9344672335,-1936.0,-2008.0,-1884.0,-1720.0,-1440.0,-1040.0,-1004.0,-812.0,-856.0,-776.0
1421,1421710.4337168583,-1960.0,-2000.0,-1880.0,-1664.0,-1408.0,-976.0,-956.0,-892.0,-804.0,-820.0
1422,1422710.9329664833,-1976.0,-1996.0,-1900.0,-1640.0,-1444.0,-1040.0,-1012.0,-880.0,-772.0,-816.0
1423,1423711.432216108,-2000.0,-1960.0,-1876.0,-1560.0,-1420.0,-1064.0,-992.0,-888.0,-800.0,-832.0
1424,1424711.9314657329,-2004.0,-1976.0,-1856.0,-1696.0,-1424.0,-1164.0,-992.0,-796.0,-792.0,-860.0
1425,1425712.4307153577,-2016.0,-1960.0,-1940.0,-1700.0,-1508.0,-1148.0,-980.0,-824.0,-840.0,-700.0
1426,1426712.9299649824,-2016.0,-1948.0,-1900.0,-1684.0,-1524.0,-1092.0,-932.0,-812.0,-756.0,-788.0
1427,1427713.4292146072,-2040.0,-1952.0,-1896.0,-1648.0,-1532.0,-1056.0,-964.0,-808.0,-724.0,-808.0
1428,1428713.928464232,-2016.0,-1960.0,-1892.0,-1720.0,-1520.0,-1032.0,-1000.0,-832.0,-852.0,-760.0
1429,1429714.4277138568,-2020.0,-1992.0,-1880.0,-1624.0,-1544.0,-1084.0,-988.0,-880.0,-800.0,-752.0
1430,1430714.9269634816,-2004.0,-1976.0,-1836.0,-1688.0,-1580.0,-972.0,-996.0,-940.0,-792.0,-828.0
1431,1431715.4262131066,-1976.0,-1960.0,-1876.0,-1680.0,-1532.0,-988.0,-992.0,-880.0,-756.0,-840.0
1432,1432715.9254627314,-2032.0,-1912.0,-1888.0,-1736.0,-1480.0,-1032.0,-992.0,-1016.0,-680.0,-812.0
1433,1433716.4247123562,-2008.0,-1872.0,-1912.0,-1724.0,-1468.0,-1012.0,-968.0,-1056.0,-728.0,-852.0
1434,1434716.923961981,-1968.0,-1948.0,-1808.0,-1660.0,-1416.0,-1000.0,-900.0,-1040.0,-784.0,-752.0
1435,1435717.4232116058,-1992.0,-1948.0,-1848.0,-1700.0,-1436.0,-1072.0,-1012.0,-964.0,-732.0,-792.0
1436,1436717.9224612305,-2016.0,-1956.0,-1840.0,-1688.0,-1460.0,-1088.0,-948.0,-980.0,-820.0,-724.0
1437,1437718.4217108553,-2008.0,-1956.0,-1748.0,-1680.0,-1372.0,-1064.0,-944.0,-1000.0,-816.0,-672.0
1438,1438718.92096048,-2004.0,-1996.0,-1732.0,-1648.0,-1464.0,-1148.0,-908.0,-876.0,-776.0,-716.0
1439,1439719.420210105,-1968.0,-1916.0,-1808.0,-1764.0,-1392.0,-1136.0,-1032.0,-928.0,-672.0,-760.0
1440,1440719.91945973,-1972.0,-1960.0,-1872.0,-1728.0,-1448.0,-1092.0,-1008.0,-852.0,-836.0,-760.0
1441,1441720.4187093547,-1952.0,-1976.0,-1840.0,-1720.0,-1400.0,-1088.0,-988.0,-956.0,-832.0,-660.0
1442,1442720.9179589795,-1968.0,-1980.0,-1888.0,-1704.0,-1384.0,-1068.0,-984.0,-932.0,-788.0,-700.0
1443,1443721.4172086043,-1968.0,-1956.0,-1840.0,-1744.0,-1356.0,-1144.0,-868.0,-908.0,-820.0,-668.0
1444,1444721.916458229,-2000.0,-1988.0,-1872.0,-1700.0,-1392.0,-1156.0,-892.0,-992.0,-692.0,-720.0
1445,1445722.4157078539,-2024.0,-1972.0,-1864.0,-1728.0,-1396.0,-1028.0,-1012.0,-968.0,-844.0,-784.0
1446,1446722.9149574786,-2016.0,-1984.0,-1828.0,-1748.0,-1396.0,-1048.0,-988.0,-992.0,-808.0,-792.0
1447,1447723.4142071034,-1996.0,-1984.0,-1844.0,-1728.0,-1340.0,-1104.0,-1060.0,-956.0,-860.0,-768.0
1448,1448723.9134567282,-1988.0,-1968.0,-1876.0,-1772.0,-1480.0,-1052.0,-1020.0,-952.0,-868.0,-840.0
1449,1449724.412706353,-1956.0,-1956.0,-1904.0,-1732.0,-1504.0,-1104.0,-1032.0,-964.0,-920.0,-796.0
1450,1450724.911955978,-1968.0,-1968.0,-1880.0,-1680.0,-1400.0,-1188.0,-944.0,-896.0,-872.0,-740.0
1451,1451725.4112056028,-1976.0,-1972.0,-1876.0,-1652.0,-1424.0,-1124.0,-996.0,-940.0,-844.0,-632.0
1452,1452725.9104552276,-2008.0,-1936.0,-1852.0,-1680.0,-1464.0,-1156.0,-1032.0,-952.0,-820.0,-688.0
1453,1453726.4097048524,-2016.0,-1932.0,-1844.0,-1596.0,-1392.0,-1168.0,-1008.0,-880.0,-872.0,-716.0
1454,1454726.9089544772,-1964.0,-1940.0,-1912.0,-1600.0,-1380.0,-1048.0,-1068.0,-864.0,-908.0,-644.0
1455,1455727.408204102,-1956.0,-1996.0,-1900.0,-1664.0,-1348.0,-1140.0,-1040.0,-868.0,-836.0,-624.0
1456,1456727.9074537267,-1940.0,-1956.0,-1864.0,-1636.0,-1440.0,-1128.0,-1016.0,-868.0,-868.0,-616.0
1457,1457728.4067033515,-1960.0,-1960.0,-1900.0,-1576.0,-1396.0,-1196.0,-1024.0,-824.0,-756.0,-676.0
1458,1458728.9059529763,-1944.0,-1980.0,-1900.0,-1624.0,-1304.0,-1128.0,-988.0,-876.0,-736.0,-748.0
1459,1459729.4052026013,-1944.0,-1944.0,-1868.0,-1672.0,-1364.0,-1080.0,-964.0,-812.0,-716.0,-664.0
1460,1460729.9044522261,-1948.0,-1956.0,-1900.0,-1580.0,-1392.0,-1124.0,-992.0,-900.0,-704.0,-680.0
1461,1461730.403701851,-1992.0,-1940.0,-1892.0,-1584.0,-1388.0,-1152.0,-924.0,-924.0,-668.0,-708.0
1462,1462730.9029514757,-2000.0,-1924.0,-1876.0,-1668.0,-1376.0,-1112.0,-944.0,-860.0,-760.0,-720.0
1463,1463731.4022011005,-1992.0,-1908.0,-1852.0,-1652.0,-1480.0,-1152.0,-1020.0,-980.0,-804.0,-664.0
1464,1464731.9014507253,-2004.0,-1932.0,-1876.0,-1624.0,-1468.0,-1152.0,-932.0,-788.0,-772.0,-736.0
1465,1465732.40070035,-2016.0,-1964.0,-1888.0,-1680.0,-1436.0,-1116.0,-1004.0,-768.0,-780.0,-708.0
1466,1466732.8999499748,-1972.0,-1908.0,-1940.0,-1696.0,-1504.0,-1164.0,-1068.0,-852.0,-784.0,-760.0
1467,1467733.3991995996,-2004.0,-1932.0,-1956.0,-1700.0,-1500.0,-1100.0,-1028.0,-896.0,-720.0,-724.0
1468,1468733.8984492247,-2008.0,-1952.0,-1944.0,-1748.0,-1464.0,-1188.0,-996.0,-852.0,-728.0,-712.0
1469,1469734.3976988494,-2000.0,-1928.0,-1904.0,-1748.0,-1452.0,-1096.0,-1008.0,-784.0,-724.0,-672.0
1470,1470734.8969484742,-1936.0,-1920.0,-1924.0,-1752.0,-1424.0,-1068.0,-1044.0,-864.0,-796.0,-708.0
1471,1471735.396198099,-1976.0,-1928.0,-1956.0,-1744.0,-1480.0,-1084.0,-920.0,-940.0,-784.0,-748.0
1472,1472735.8954477238,-2016.0,-1956.0,-1932.0,-1760.0,-1504.0,-1072.0,-924.0,-904.0,-788.0,-672.0
1473,1473736.3946973486,-1992.0,-1944.0,-1920.0,-1740.0,-1452.0,-1052.0,-936.0,-784.0,-768.0,-644.0
1474,1474736.8939469734,-1988.0,-1988.0,-1860.0,-1740.0,-1488.0,-1028.0,-960.0,-788.0,-784.0,-608.0
1475,1475737.3931965982,-1992.0,-1916.0,-1840.0,-1736.0,-1424.0,-1072.0,-860.0,-816.0,-740.0,-704.0
1476,1476737.892446223,-1988.0,-1948.0,-1892.0,-1732.0,-1408.0,-1060.0,-912.0,-832.0,-784.0,-672.0
1477,1477738.391695848,-2040.0,-1944.0,-1816.0,-1696.0,-1444.0,-1076.0,-936.0,-828.0,-668.0,-652.0
1478,1478738.8909454728,-2032.0,-1968.0,-1856.0,-1716.0,-1456.0,-1048.0,-920.0,-784.0,-764.0,-652.0
1479,1479739.3901950975,-2024.0,-1992.0,-1864.0,-1704.0,-1376.0,-1052.0,-1032.0,-768.0,-760.0,-588.0
1480,1480739.8894447223,-1976.0,-1960.0,-1872.0,-1704.0,-1388.0,-1060.0,-1064.0,-748.0,-844.0,-736.0
1481,1481740.388694347,-2004.0,-1952.0,-1900.0,-1684.0,-1452.0,-1064.0,-1008.0,-800.0,-700.0,-692.0
1482,1482740.887943972,-2016.0,-1980.0,-1876.0,-1680.0,-1364.0,-1092.0,-1076.0,-860.0,-724.0,-792.0
1483,1483741.3871935967,-1988.0,-1968.0,-1848.0,-1776.0,-1436.0,-1136.0,-976.0,-780.0,-820.0,-736.0
1484,1484741.8864432215,-1972.0,-1964.0,-1840.0,-1820.0,-1376.0,-1108.0,-964.0,-840.0,-784.0,-632.0
1485,1485742.3856928463,-2032.0,-1948.0,-1840.0,-1812.0,-1432.0,-1108.0,-968.0,-936.0,-804.0,-780.0
1486,1486742.8849424713,-2040.0,-1984.0,-1856.0,-1832.0,-1420.0,-1124.0,-968.0,-952.0,-756.0,-736.0
1487,1487743.384192096,-2040.0,-1984.0,-1920.0,-1752.0,-1376.0,-1116.0,-912.0,-944.0,-840.0,-736.0
1488,1488743.8834417209,-2000.0,-1952.0,-1904.0,-1752.0,-1444.0,-1100.0,-852.0,-976.0,-884.0,-716.0
1489,1489744.3826913456,-1948.0,-1964.0,-1860.0,-1756.0,-1480.0,-1112.0,-912.0,-884.0,-876.0,-736.0
1490,1490744.8819409704,-1960.0,-1968.0,-1840.0,-1780.0,-1444.0,-1048.0,-996.0,-888.0,-816.0,-748.0
1491,1491745.3811905952,-1984.0,-1968.0,-1888.0,-1780.0,-1460.0,-1116.0,-980.0,-820.0,-916.0,-740.0
1492,1492745.88044022,-1980.0,-1968.0,-1904.0,-1728.0,-1428.0,-1052.0,-896.0,-836.0,-928.0,-768.0
1493,1493746.3796898448,-1996.0,-1964.0,-1948.0,-1720.0,-1360.0,-1000.0,-996.0,-912.0,-832.0,-708.0
1494,1494746.8789394696,-1984.0,-1940.0,-1872.0,-1776.0,-1340.0,-1092.0,-932.0,-944.0,-884.0,-688.0
1495,1495747.3781890946,-2008.0,-1968.0,-1896.0,-1724.0,-1372.0,-1056.0,-968.0,-920.0,-856.0,-780.0
1496,1496747.8774387194,-2048.0,-1968.0,-1820.0,-1700.0,-1388.0,-1072.0,-1032.0,-796.0,-908.0,-720.0
1497,1497748.3766883442,-2024.0,-1884.0,-1792.0,-1764.0,-1384.0,-1080.0,-956.0,-768.0,-896.0,-764.0
1498,1498748.875937969,-2016.0,-1920.0,-1772.0,-1800.0,-1364.0,-1028.0,-1016.0,-844.0,-792.0,-720.0
1499,1499749.3751875937,-2020.0,-1936.0,-1788.0,-1808.0,-1384.0,-1012.0,-960.0,-832.0,-820.0,-648.0
1500,1500749.8744372185,-2024.0,-1864.0,-1852.0,-1780.0,-1376.0,-1024.0,-1012.0,-864.0,-832.0,-828.0
1501,1501750.3736868433,-2008.0,-1852.0,-1824.0,-1848.0,-1380.0,-980.0,-988.0,-856.0,-956.0,-832.0
1502,1502750.872936468,-1988.0,-1904.0,-1908.0,-1848.0,-1388.0,-1112.0,-972.0,-900.0,-984.0,-744.0
1503,1503751.372186093,-1996.0,-1968.0,-1856.0,-1836.0,-1356.0,-1128.0,-1016.0,-880.0,-896.0,-776.0
1504,1504751.8714357177,-1992.0,-1920.0,-1832.0,-1724.0,-1352.0,-1104.0,-980.0,-860.0,-892.0,-844.0
1505,1505752.3706853427,-2008.0,-1956.0,-1836.0,-1748.0,-1304.0,-1116.0,-1032.0,-832.0,-872.0,-760.0
1506,1506752.8699349675,-2004.0,-1960.0,-1792.0,-1752.0,-1364.0,-1180.0,-1008.0,-876.0,-972.0,-740.0
1507,1507753.3691845923,-2004.0,-1972.0,-1792.0,-1728.0,-1328.0,-1144.0,-1000.0,-888.0,-876.0,-704.0
1508,1508753.868434217,-2016.0,-1960.0,-1848.0,-1716.0,-1364.0,-1124.0,-980.0,-884.0,-920.0,-628.0
1509,1509754.3676838418,-2016.0,-1964.0,-1772.0,-1660.0,-1356.0,-1116.0,-968.0,-816.0,-888.0,-636.0
1510,1510754.8669334666,-2016.0,-1948.0,-1812.0,-1652.0,-1356.0,-1056.0,-1004.0,-836.0,-844.0,-656.0
1511,1511755.3661830914,-1988.0,-1984.0,-1744.0,-1652.0,-1368.0,-1064.0,-988.0,-920.0,-796.0,-716.0
1512,1512755.8654327162,-1992.0,-1912.0,-1732.0,-1720.0,-1360.0,-968.0,-992.0,-840.0,-812.0,-660.0
1513,1513756.364682341,-1968.0,-1968.0,-1748.0,-1672.0,-1284.0,-904.0,-1072.0,-880.0,-756.0,-676.0
1514,1514756.863931966,-1988.0,-2000.0,-1840.0,-1628.0,-1420.0,-1000.0,-1072.0,-804.0,-780.0,-680.0
1515,1515757.3631815908,-1992.0,-1964.0,-1836.0,-1656.0,-1388.0,-968.0,-1016.0,-852.0,-756.0,-672.0
1516,1516757.8624312156,-2000.0,-1948.0,-1852.0,-1696.0,-1444.0,-920.0,-976.0,-768.0,-728.0,-764.0
1517,1517758.3616808404,-2032.0,-1976.0,-1852.0,-1740.0,-1464.0,-1008.0,-952.0,-836.0,-772.0,-760.0
1518,1518758.8609304652,-2004.0,-1972.0,-1884.0,-1648.0,-1436.0,-1068.0,-1008.0,-820.0,-760.0,-768.0
1519,1519759.36018009,-2008.0,-1968.0,-1880.0,-1708.0,-1468.0,-1020.0,-980.0,-904.0,-792.0,-732.0
1520,1520759.8594297147,-2016.0,-1936.0,-1928.0,-1692.0,-1432.0,-1100.0,-956.0,-776.0,-816.0,-924.0
1521,1521760.3586793395,-2000.0,-1928.0,-1896.0,-1696.0,-1396.0,-1116.0,-936.0,-892.0,-828.0,-756.0
1522,1522760.8579289643,-1988.0,-1948.0,-1872.0,-1736.0,-1432.0,-1096.0,-976.0,-904.0,-856.0,-780.0
1523,1523761.3571785893,-1984.0,-1932.0,-1868.0,-1744.0,-1396.0,-1060.0,-948.0,-864.0,-816.0,-728.0
1524,1524761.856428214,-2024.0,-1972.0,-1908.0,-1768.0,-1404.0,-1064.0,-880.0,-812.0,-876.0,-732.0
1525,1525762.355677839,-2008.0,-1912.0,-1904.0,-1708.0,-1452.0,-1064.0,-972.0,-912.0,-768.0,-704.0
1526,1526762.8549274637,-1988.0,-1904.0,-1892.0,-1716.0,-1332.0,-1088.0,-972.0,-940.0,-768.0,-720.0
1527,1527763.3541770885,-2016.0,-1960.0,-1888.0,-1796.0,-1428.0,-1104.0,-988.0,-944.0,-672.0,-684.0
1528,1528763.8534267133,-2032.0,-1960.0,-1828.0,-1784.0,-1444.0,-1052.0,-1052.0,-920.0,-772.0,-704.0
1529,1529764.352676338,-2000.0,-1956.0,-1836.0,-1756.0,-1504.0,-1092.0,-964.0,-912.0,-800.0,-756.0
1530,1530764.8519259628,-2020.0,-1896.0,-1804.0,-1708.0,-1484.0,-1068.0,-1020.0,-908.0,-764.0,-752.0
1531,1531765.3511755876,-2012.0,-1948.0,-1852.0,-1692.0,-1512.0,-1096.0,-1000.0,-848.0,-780.0,-708.0
1532,1532765.8504252126,-2016.0,-1992.0,-1772.0,-1764.0,-1484.0,-1132.0,-1024.0,-868.0,-660.0,-772.0
1533,1533766.3496748374,-2016.0,-1984.0,-1780.0,-1796.0,-1420.0,-1284.0,-1060.0,-856.0,-844.0,-732.0
1534,1534766.8489244622,-2000.0,-1888.0,-1808.0,-1756.0,-1504.0,-1300.0,-1028.0,-948.0,-772.0,-848.0
1535,1535767.348174087,-1968.0,-1928.0,-1828.0,-1744.0,-1476.0,-1344.0,-1020.0,-920.0,-836.0,-788.0
1536,1536767.8474237118,-1968.0,-1952.0,-1884.0,-1788.0,-1376.0,-1184.0,-992.0,-880.0,-860.0,-740.0
1537,1537768.3466733366,-1992.0,-1956.0,-1884.0,-1692.0,-1368.0,-1252.0,-1004.0,-944.0,-868.0,-804.0
1538,1538768.8459229614,-1992.0,-1908.0,-1892.0,-1712.0,-1328.0,-1188.0,-964.0,-896.0,-756.0,-804.0
1539,1539769.3451725862,-2004.0,-1932.0,-1856.0,-1772.0,-1316.0,-1220.0,-920.0,-980.0,-856.0,-788.0
1540,1540769.844422211,-1992.0,-1936.0,-1816.0,-1792.0,-1288.0,-1216.0,-944.0,-896.0,-872.0,-796.0
1541,1541770.343671836,-1968.0,-1944.0,-1924.0,-1684.0,-1312.0,-1232.0,-984.0,-840.0,-832.0,-796.0
1542,1542770.8429214607,-1988.0,-1920.0,-1856.0,-1748.0,-1388.0,-1216.0,-1028.0,-876.0,-880.0,-764.0
1543,1543771.3421710855,-1996.0,-1936.0,-1916.0,-1700.0,-1336.0,-1140.0,-1040.0,-780.0,-836.0,-748.0
1544,1544771.8414207103,-2000.0,-1948.0,-1868.0,-1684.0,-1364.0,-1112.0,-1068.0,-844.0,-756.0,-744.0
1545,1545772.340670335,-2000.0,-1928.0,-1876.0,-1644.0,-1348.0,-1016.0,-1060.0,-884.0,-756.0,-688.0
1546,1546772.83991996,-2024.0,-1964.0,-1924.0,-1692.0,-1388.0,-992.0,-1012.0,-864.0,-736.0,-672.0
1547,1547773.3391695847,-2004.0,-1944.0,-1932.0,-1744.0,-1396.0,-1028.0,-1048.0,-852.0,-760.0,-652.0
1548,1548773.8384192095,-2000.0,-1936.0,-1844.0,-1740.0,-1412.0,-1064.0,-1036.0,-844.0,-820.0,-724.0
1549,1549774.3376688343,-1976.0,-1960.0,-1880.0,-1696.0,-1408.0,-1060.0,-948.0,-940.0,-780.0,-784.0
1550,1550774.8369184593,-1956.0,-1952.0,-1896.0,-1676.0,-1412.0,-1100.0,-992.0,-916.0,-764.0,-784.0
1551,1551775.336168084,-2032.0,-1960.0,-1896.0,-1636.0,-1352.0,-1080.0,-1084.0,-948.0,-720.0,-724.0
1552,1552775.8354177088,-2024.0,-1940.0,-1896.0,-1716.0,-1376.0,-1100.0,-988.0,-868.0,-872.0,-704.0
1553,1553776.3346673336,-2028.0,-1936.0,-1844.0,-1720.0,-1360.0,-1144.0,-1048.0,-780.0,-788.0,-716.0
1554,1554776.8339169584,-2004.0,-1960.0,-1872.0,-1788.0,-1416.0,-1084.0,-1068.0,-868.0,-856.0,-688.0
1555,1555777.3331665832,-1984.0,-1940.0,-1868.0,-1788.0,-1368.0,-1048.0,-976.0,-868.0,-884.0,-624.0
1556,1556777.832416208,-1972.0,-1856.0,-1904.0,-1736.0,-1336.0,-1024.0,-928.0,-872.0,-832.0,-632.0
1557,1557778.3316658328,-1984.0,-1892.0,-1852.0,-1684.0,-1412.0,-1092.0,-976.0,-924.0,-780.0,-700.0
1558,1558778.8309154576,-1976.0,-1908.0,-1900.0,-1768.0,-1404.0,-1088.0,-1000.0,-944.0,-784.0,-756.0
1559,1559779.3301650826,-1972.0,-1964.0,-1884.0,-1784.0,-1356.0,-1104.0,-1040.0,-884.0,-832.0,-728.0
1560,1560779.8294147074,-1976.0,-1944.0,-1908.0,-1776.0,-1404.0,-1100.0,-1060.0,-864.0,-796.0,-772.0
1561,1561780.3286643322,-1992.0,-1956.0,-1868.0,-1772.0,-1500.0,-1120.0,-916.0,-936.0,-760.0,-680.0
1562,1562780.827913957,-1952.0,-2000.0,-1832.0,-1752.0,-1336.0,-1176.0,-928.0,-880.0,-740.0,-728.0
1563,1563781.3271635817,-1948.0,-2012.0,-1780.0,-1748.0,-1408.0,-1156.0,-868.0,-780.0,-768.0,-704.0
1564,1564781.8264132065,-1952.0,-2024.0,-1744.0,-1712.0,-1452.0,-1072.0,-948.0,-700.0,-880.0,-724.0
1565,1565782.3256628313,-1956.0,-1992.0,-1808.0,-1664.0,-1468.0,-1008.0,-1044.0,-820.0,-864.0,-660.0
1566,1566782.824912456,-1992.0,-1968.0,-1796.0,-1648.0,-1488.0,-1140.0,-952.0,-976.0,-864.0,-708.0
1567,1567783.324162081,-1956.0,-2004.0,-1848.0,-1588.0,-1448.0,-1116.0,-988.0,-908.0,-804.0,-664.0
1568,1568783.823411706,-1976.0,-1964.0,-1756.0,-1544.0,-1388.0,-1104.0,-956.0,-824.0,-792.0,-692.0
1569,1569784.3226613307,-1996.0,-1920.0,-1764.0,-1600.0,-1328.0,-1092.0,-908.0,-880.0,-808.0,-784.0
1570,1570784.8219109555,-1992.0,-1912.0,-1760.0,-1624.0,-1320.0,-1116.0,-948.0,-852.0,-856.0,-800.0
1571,1571785.3211605803,-2024.0,-1940.0,-1812.0,-1640.0,-1248.0,-1208.0,-980.0,-788.0,-808.0,-832.0
1572,1572785.820410205,-2036.0,-1928.0,-1816.0,-1568.0,-1288.0,-1168.0,-976.0,-836.0,-868.0,-828.0
1573,1573786.3196598298,-1996.0,-1932.0,-1816.0,-1556.0,-1192.0,-1188.0,-1012.0,-900.0,-812.0,-768.0
1574,1574786.8189094546,-1980.0,-1924.0,-1828.0,-1580.0,-1208.0,-1128.0,-992.0,-860.0,-772.0,-700.0
1575,1575787.3181590794,-1972.0,-1960.0,-1852.0,-1668.0,-1268.0,-1040.0,-1052.0,-920.0,-804.0,-772.0
1576,1576787.8174087042,-1960.0,-1952.0,-1824.0,-1652.0,-1260.0,-1120.0,-968.0,-916.0,-780.0,-740.0
1577,1577788.316658329,-1992.0,-1952.0,-1796.0,-1680.0,-1220.0,-1104.0,-1068.0,-856.0,-764.0,-780.0
1578,1578788.815907954,-2008.0,-1952.0,-1824.0,-1688.0,-1236.0,-1144.0,-1128.0,-832.0,-736.0,-808.0
1579,1579789.3151575788,-2016.0,-1976.0,-1852.0,-1736.0,-1248.0,-1112.0,-1064.0,-904.0,-788.0,-756.0
1580,1580789.8144072036,-2008.0,-2016.0,-1840.0,-1712.0,-1248.0,-1160.0,-1044.0,-892.0,-800.0,-712.0
1581,1581790.3136568284,-2004.0,-1932.0,-1812.0,-1644.0,-1304.0,-1136.0,-1036.0,-908.0,-772.0,-684.0
1582,1582790.8129064532,-2000.0,-1940.0,-1872.0,-1688.0,-1256.0,-1168.0,-992.0,-812.0,-868.0,-684.0
1583,1583791.312156078,-1980.0,-1960.0,-1864.0,-1720.0,-1356.0,-1196.0,-1020.0,-904.0,-788.0,-660.0
1584,1584791.8114057027,-2024.0,-1972.0,-1856.0,-1732.0,-1300.0,-1148.0,-1060.0,-872.0,-796.0,-680.0
1585,1585792.3106553275,-2000.0,-1992.0,-1836.0,-1728.0,-1312.0,-1128.0,-1040.0,-848.0,-768.0,-728.0
1586,1586792.8099049523,-2000.0,-1976.0,-1832.0,-1752.0,-1232.0,-1116.0,-956.0,-804.0,-752.0,-692.0
1587,1587793.3091545773,-2004.0,-1972.0,-1844.0,-1724.0,-1288.0,-1140.0,-1012.0,-824.0,-740.0,-772.0
1588,1588793.808404202,-2012.0,-1936.0,-1900.0,-1748.0,-1284.0,-1188.0,-1048.0,-796.0,-732.0,-756.0
1589,1589794.307653827,-1992.0,-1920.0,-1916.0,-1720.0,-1368.0,-1088.0,-1012.0,-860.0,-868.0,-692.0
1590,1590794.8069034517,-1992.0,-1932.0,-1880.0,-1748.0,-1316.0,-1096.0,-1016.0,-844.0,-816.0,-620.0
1591,1591795.3061530765,-1984.0,-1908.0,-1888.0,-1716.0,-1312.0,-1184.0,-1012.0,-888.0,-884.0,-664.0
1592,1592795.8054027013,-1988.0,-1936.0,-1876.0,-1660.0,-1368.0,-1148.0,-1024.0,-880.0,-948.0,-768.0
1593,1593796.304652326,-2008.0,-1952.0,-1908.0,-1664.0,-1456.0,-1168.0,-1076.0,-848.0,-948.0,-584.0
1594,1594796.8039019508,-1956.0,-1924.0,-1912.0,-1660.0,-1400.0,-1168.0,-1152.0,-788.0,-920.0,-692.0
1595,1595797.3031515756,-1952.0,-1900.0,-1868.0,-1764.0,-1460.0,-1260.0,-1092.0,-880.0,-892.0,-768.0
1596,1596797.8024012006,-1972.0,-1916.0,-1848.0,-1744.0,-1376.0,-1216.0,-984.0,-864.0,-820.0,-764.0
1597,1597798.3016508254,-1984.0,-1908.0,-1908.0,-1700.0,-1368.0,-1212.0,-1016.0,-828.0,-752.0,-736.0
1598,1598798.8009004502,-2016.0,-1880.0,-1872.0,-1596.0,-1368.0,-1232.0,-1084.0,-784.0,-732.0,-680.0
1599,1599799.300150075,-2032.0,-1924.0,-1884.0,-1600.0,-1300.0,-1160.0,-1140.0,-800.0,-792.0,-676.0
1600,1600799.7993996998,-2004.0,-1928.0,-1880.0,-1576.0,-1288.0,-1184.0,-1188.0,-812.0,-876.0,-740.0
1601,1601800.2986493246,-2008.0,-1984.0,-1868.0,-1652.0,-1300.0,-1228.0,-1148.0,-820.0,-848.0,-764.0
1602,1602800.7978989494,-1996.0,-1908.0,-1888.0,-1704.0,-1336.0,-1252.0,-1128.0,-708.0,-808.0,-764.0
1603,1603801.2971485741,-2008.0,-1920.0,-1900.0,-1664.0,-1316.0,-1232.0,-1128.0,-736.0,-772.0,-592.0
1604,1604801.796398199,-2024.0,-1932.0,-1896.0,-1704.0,-1328.0,-1196.0,-1088.0,-732.0,-776.0,-652.0
1605,1605802.295647824,-2020.0,-1948.0,-1924.0,-1696.0,-1272.0,-1240.0,-1076.0,-748.0,-724.0,-564.0
1606,1606802.7948974487,-2012.0,-1976.0,-1916.0,-1620.0,-1312.0,-1220.0,-1112.0,-768.0,-724.0,-632.0
1607,1607803.2941470735,-2004.0,-1972.0,-1856.0,-1680.0,-1352.0,-1180.0,-1148.0,-764.0,-684.0,-644.0
1608,1608803.7933966983,-1988.0,-1968.0,-1820.0,-1704.0,-1368.0,-1176.0,-1100.0,-812.0,-752.0,-748.0
1609,1609804.292646323,-2000.0,-1956.0,-1788.0,-1704.0,-1292.0,-1184.0,-972.0,-820.0,-692.0,-688.0
1610,1610804.791895948,-1960.0,-1992.0,-1772.0,-1636.0,-1260.0,-1200.0,-1016.0,-832.0,-724.0,-692.0
1611,1611805.2911455727,-1952.0,-1984.0,-1812.0,-1664.0,-1252.0,-1208.0,-976.0,-788.0,-728.0,-712.0
1612,1612805.7903951975,-2012.0,-1984.0,-1808.0,-1684.0,-1356.0,-1204.0,-972.0,-956.0,-740.0,-668.0
1613,1613806.2896448222,-1984.0,-1984.0,-1740.0,-1704.0,-1396.0,-1224.0,-936.0,-952.0,-744.0,-688.0
1614,1614806.7888944473,-1960.0,-1952.0,-1688.0,-1716.0,-1352.0,-1172.0,-884.0,-928.0,-700.0,-720.0
1615,1615807.288144072,-1968.0,-1976.0,-1768.0,-1716.0,-1480.0,-1220.0,-996.0,-884.0,-804.0,-736.0
1616,1616807.7873936968,-1984.0,-1904.0,-1760.0,-1652.0,-1460.0,-1200.0,-1048.0,-892.0,-832.0,-680.0
1617,1617808.2866433216,-2000.0,-1952.0,-1740.0,-1584.0,-1404.0,-1228.0,-1048.0,-880.0,-804.0,-784.0
1618,1618808.7858929464,-1964.0,-1948.0,-1780.0,-1604.0,-1320.0,-1196.0,-1044.0,-916.0,-836.0,-876.0
1619,1619809.2851425712,-1988.0,-1984.0,-1780.0,-1632.0,-1412.0,-1192.0,-956.0,-864.0,-772.0,-752.0
1620,1620809.784392196,-2032.0,-2008.0,-1784.0,-1672.0,-1368.0,-1224.0,-964.0,-864.0,-788.0,-748.0
1621,1621810.2836418208,-2024.0,-1960.0,-1812.0,-1704.0,-1268.0,-1180.0,-960.0,-808.0,-852.0,-780.0
1622,1622810.7828914456,-2004.0,-1980.0,-1856.0,-1756.0,-1256.0,-1156.0,-916.0,-856.0,-864.0,-796.0
1623,1623811.2821410706,-1952.0,-1956.0,-1776.0,-1676.0,-1328.0,-1200.0,-920.0,-844.0,-736.0,-712.0
1624,1624811.7813906954,-1972.0,-1968.0,-1808.0,-1684.0,-1296.0,-1228.0,-960.0,-808.0,-756.0,-688.0
1625,1625812.2806403202,-1976.0,-1980.0,-1836.0,-1612.0,-1292.0,-1168.0,-936.0,-836.0,-856.0,-720.0
1626,1626812.779889945,-1956.0,-1968.0,-1864.0,-1680.0,-1276.0,-1264.0,-852.0,-940.0,-780.0,-708.0
1627,1627813.2791395697,-1964.0,-1900.0,-1892.0,-1716.0,-1352.0,-1180.0,-956.0,-908.0,-844.0,-708.0
1628,1628813.7783891945,-1996.0,-1912.0,-1916.0,-1668.0,-1292.0,-1120.0,-988.0,-872.0,-760.0,-668.0
1629,1629814.2776388193,-1972.0,-1920.0,-1872.0,-1696.0,-1232.0,-1132.0,-940.0,-872.0,-720.0,-720.0
1630,1630814.776888444,-2012.0,-1920.0,-1872.0,-1664.0,-1288.0,-1148.0,-1028.0,-832.0,-820.0,-676.0
1631,1631815.2761380689,-2016.0,-1940.0,-1864.0,-1648.0,-1304.0,-1172.0,-1060.0,-948.0,-728.0,-656.0
1632,1632815.7753876937,-2000.0,-1960.0,-1820.0,-1628.0,-1324.0,-1184.0,-1036.0,-948.0,-764.0,-672.0
1633,1633816.2746373187,-2016.0,-1976.0,-1836.0,-1736.0,-1352.0,-1144.0,-1040.0,-912.0,-784.0,-680.0
1634,1634816.7738869435,-2032.0,-1928.0,-1816.0,-1656.0,-1304.0,-1092.0,-1068.0,-936.0,-864.0,-684.0
1635,1635817.2731365683,-1984.0,-1964.0,-1800.0,-1700.0,-1224.0,-1168.0,-1032.0,-952.0,-888.0,-656.0
1636,1636817.772386193,-2000.0,-1916.0,-1844.0,-1744.0,-1272.0,-1140.0,-976.0,-932.0,-956.0,-724.0
1637,1637818.2716358178,-1988.0,-1932.0,-1852.0,-1716.0,-1260.0,-1188.0,-988.0,-852.0,-816.0,-696.0
1638,1638818.7708854426,-2012.0,-1976.0,-1840.0,-1712.0,-1276.0,-1196.0,-988.0,-896.0,-888.0,-744.0
1639,1639819.2701350674,-1996.0,-1928.0,-1828.0,-1696.0,-1300.0,-1128.0,-988.0,-968.0,-772.0,-768.0
1640,1640819.7693846922,-2024.0,-1956.0,-1796.0,-1704.0,-1288.0,-1152.0,-972.0,-988.0,-740.0,-792.0
1641,1641820.268634317,-2008.0,-1960.0,-1888.0,-1692.0,-1332.0,-1132.0,-920.0,-908.0,-724.0,-716.0
1642,1642820.767883942,-1996.0,-1944.0,-1892.0,-1768.0,-1352.0,-1120.0,-920.0,-888.0,-768.0,-756.0
1643,1643821.2671335668,-1944.0,-1972.0,-1936.0,-1756.0,-1344.0,-1140.0,-992.0,-936.0,-764.0,-792.0
1644,1644821.7663831916,-1952.0,-1912.0,-1904.0,-1784.0,-1384.0,-1140.0,-908.0,-948.0,-840.0,-784.0
1645,1645822.2656328164,-1976.0,-1900.0,-1884.0,-1772.0,-1364.0,-1180.0,-948.0,-968.0,-828.0,-836.0
1646,1646822.7648824411,-1948.0,-1968.0,-1876.0,-1736.0,-1280.0,-1284.0,-884.0,-984.0,-904.0,-796.0
1647,1647823.264132066,-1956.0,-1960.0,-1860.0,-1704.0,-1252.0,-1296.0,-884.0,-996.0,-884.0,-728.0
1648,1648823.7633816907,-1972.0,-1956.0,-1832.0,-1816.0,-1332.0,-1320.0,-928.0,-1000.0,-756.0,-668.0
1649,1649824.2626313155,-1988.0,-2000.0,-1780.0,-1772.0,-1216.0,-1336.0,-932.0,-948.0,-804.0,-732.0
1650,1650824.7618809403,-1984.0,-1984.0,-1828.0,-1764.0,-1276.0,-1240.0,-896.0,-1032.0,-760.0,-644.0
1651,1651825.2611305653,-2008.0,-1976.0,-1880.0,-1740.0,-1264.0,-1312.0,-876.0,-996.0,-744.0,-652.0
1652,1652825.76038019,-2016.0,-2000.0,-1856.0,-1676.0,-1252.0,-1304.0,-884.0,-1048.0,-816.0,-692.0
1653,1653826.259629815,-2004.0,-1984.0,-1844.0,-1668.0,-1308.0,-1320.0,-884.0,-900.0,-804.0,-756.0
1654,1654826.7588794397,-2012.0,-2016.0,-1780.0,-1664.0,-1264.0,-1236.0,-872.0,-864.0,-804.0,-696.0
1655,1655827.2581290645,-1992.0,-1988.0,-1840.0,-1752.0,-1280.0,-1204.0,-904.0,-900.0,-840.0,-744.0
1656,1656827.7573786892,-2004.0,-2000.0,-1856.0,-1800.0,-1196.0,-1264.0,-960.0,-872.0,-872.0,-796.0
1657,1657828.256628314,-1964.0,-1960.0,-1824.0,-1736.0,-1248.0,-1312.0,-952.0,-760.0,-848.0,-768.0
1658,1658828.7558779388,-1992.0,-2012.0,-1900.0,-1748.0,-1180.0,-1280.0,-964.0,-824.0,-792.0,-824.0
1659,1659829.2551275636,-2000.0,-1964.0,-1844.0,-1728.0,-1136.0,-1268.0,-908.0,-900.0,-832.0,-800.0
1660,1660829.7543771886,-2008.0,-1964.0,-1860.0,-1820.0,-1220.0,-1244.0,-924.0,-816.0,-860.0,-680.0
1661,1661830.2536268134,-1996.0,-1972.0,-1868.0,-1736.0,-1308.0,-1192.0,-992.0,-876.0,-852.0,-744.0
1662,1662830.7528764382,-2024.0,-1980.0,-1908.0,-1692.0,-1232.0,-1192.0,-988.0,-892.0,-792.0,-764.0
1663,1663831.252126063,-2012.0,-1972.0,-1896.0,-1696.0,-1196.0,-1184.0,-1048.0,-920.0,-656.0,-720.0
1664,1664831.7513756878,-1992.0,-1968.0,-1912.0,-1640.0,-1336.0,-1228.0,-1028.0,-940.0,-820.0,-736.0
1665,1665832.2506253126,-1968.0,-1976.0,-1880.0,-1684.0,-1244.0,-1220.0,-996.0,-912.0,-764.0,-736.0
1666,1666832.7498749373,-1980.0,-1904.0,-1852.0,-1720.0,-1284.0,-1144.0,-928.0,-848.0,-792.0,-784.0
1667,1667833.2491245621,-1980.0,-1972.0,-1856.0,-1704.0,-1344.0,-1232.0,-928.0,-836.0,-800.0,-720.0
1668,1668833.748374187,-2000.0,-1968.0,-1840.0,-1708.0,-1264.0,-1188.0,-900.0,-864.0,-816.0,-816.0
1669,1669834.247623812,-1972.0,-1964.0,-1788.0,-1736.0,-1296.0,-1228.0,-916.0,-880.0,-812.0,-740.0
1670,1670834.7468734367,-1972.0,-1960.0,-1792.0,-1756.0,-1308.0,-1264.0,-960.0,-952.0,-796.0,-832.0
1671,1671835.2461230615,-1968.0,-1880.0,-1804.0,-1724.0,-1328.0,-1284.0,-996.0,-944.0,-828.0,-776.0
1672,1672835.7453726863,-1996.0,-1916.0,-1852.0,-1688.0,-1328.0,-1316.0,-1000.0,-1000.0,-800.0,-800.0
1673,1673836.244622311,-2008.0,-1960.0,-1820.0,-1732.0,-1312.0,-1272.0,-968.0,-996.0,-748.0,-784.0
1674,1674836.7438719359,-2032.0,-1952.0,-1844.0,-1744.0,-1336.0,-1276.0,-1048.0,-1032.0,-796.0,-952.0
1675,1675837.2431215607,-2012.0,-2016.0,-1892.0,-1704.0,-1312.0,-1212.0,-1064.0,-984.0,-832.0,-904.0
1676,1676837.7423711854,-1980.0,-1996.0,-1892.0,-1748.0,-1264.0,-1216.0,-1024.0,-888.0,-836.0,-796.0
1677,1677838.2416208102,-1992.0,-2016.0,-1888.0,-1716.0,-1336.0,-1136.0,-1032.0,-824.0,-740.0,-852.0
1678,1678838.7408704353,-2024.0,-1972.0,-1888.0,-1664.0,-1388.0,-1152.0,-972.0,-868.0,-736.0,-828.0
1679,1679839.24012006,-2024.0,-1964.0,-1860.0,-1708.0,-1316.0,-1148.0,-1080.0,-872.0,-800.0,-792.0
1680,1680839.7393696848,-1992.0,-1964.0,-1880.0,-1728.0,-1320.0,-1160.0,-1072.0,-856.0,-752.0,-728.0
1681,1681840.2386193096,-2024.0,-1940.0,-1892.0,-1720.0,-1308.0,-1244.0,-952.0,-848.0,-796.0,-696.0
1682,1682840.7378689344,-2032.0,-1932.0,-1944.0,-1732.0,-1432.0,-1196.0,-1024.0,-804.0,-788.0,-760.0
1683,1683841.2371185592,-2008.0,-1904.0,-1924.0,-1708.0,-1384.0,-1088.0,-1056.0,-920.0,-784.0,-736.0
1684,1684841.736368184,-2032.0,-1920.0,-1812.0,-1760.0,-1256.0,-1132.0,-1080.0,-868.0,-772.0,-652.0
1685,1685842.2356178088,-2004.0,-1952.0,-1872.0,-1724.0,-1328.0,-1108.0,-984.0,-1008.0,-764.0,-688.0
1686,1686842.7348674336,-1972.0,-1980.0,-1856.0,-1644.0,-1284.0,-1128.0,-1088.0,-900.0,-752.0,-664.0
1687,1687843.2341170586,-1980.0,-1920.0,-1896.0,-1628.0,-1300.0,-1084.0,-1060.0,-800.0,-784.0,-760.0
1688,1688843.7333666834,-1988.0,-1928.0,-1844.0,-1580.0,-1376.0,-1160.0,-928.0,-784.0,-784.0,-824.0
1689,1689844.2326163081,-1968.0,-1924.0,-1792.0,-1680.0,-1392.0,-1268.0,-940.0,-852.0,-764.0,-732.0
1690,1690844.731865933,-1976.0,-1904.0,-1800.0,-1644.0,-1440.0,-1144.0,-1016.0,-916.0,-824.0,-836.0
1691,1691845.2311155577,-1984.0,-1928.0,-1792.0,-1712.0,-1368.0,-1180.0,-920.0,-908.0,-748.0,-824.0
1692,1692845.7303651825,-1980.0,-1880.0,-1804.0,-1760.0,-1472.0,-1140.0,-936.0,-956.0,-772.0,-756.0
1693,1693846.2296148073,-1984.0,-1900.0,-1788.0,-1768.0,-1384.0,-1172.0,-972.0,-916.0,-804.0,-848.0
1694,1694846.728864432,-2004.0,-1952.0,-1824.0,-1768.0,-1308.0,-1120.0,-932.0,-964.0,-696.0,-728.0
1695,1695847.2281140569,-1976.0,-1948.0,-1800.0,-1708.0,-1376.0,-1164.0,-1004.0,-992.0,-764.0,-784.0
1696,1696847.727363682,-1988.0,-1892.0,-1812.0,-1728.0,-1432.0,-1092.0,-932.0,-856.0,-836.0,-776.0
1697,1697848.2266133067,-1992.0,-1860.0,-1796.0,-1712.0,-1380.0,-1152.0,-1036.0,-936.0,-844.0,-768.0
1698,1698848.7258629315,-2032.0,-1904.0,-1860.0,-1684.0,-1372.0,-1116.0,-916.0,-856.0,-728.0,-840.0
1699,1699849.2251125562,-2000.0,-1912.0,-1860.0,-1672.0,-1404.0,-1020.0,-864.0,-872.0,-732.0,-780.0
1700,1700849.724362181,-2008.0,-1940.0,-1896.0,-1680.0,-1368.0,-1036.0,-892.0,-876.0,-776.0,-832.0
1701,1701850.2236118058,-1996.0,-1956.0,-1936.0,-1692.0,-1376.0,-1044.0,-964.0,-968.0,-808.0,-740.0
1702,1702850.7228614306,-2016.0,-1952.0,-1904.0,-1612.0,-1360.0,-1116.0,-988.0,-916.0,-800.0,-716.0
1703,1703851.2221110554,-2016.0,-1984.0,-1880.0,-1652.0,-1392.0,-1172.0,-960.0,-840.0,-840.0,-652.0
1704,1704851.7213606802,-2024.0,-1980.0,-1884.0,-1676.0,-1420.0,-1056.0,-924.0,-844.0,-852.0,-668.0
1705,1705852.220610305,-1988.0,-1932.0,-1872.0,-1752.0,-1368.0,-996.0,-1008.0,-860.0,-752.0,-580.0
1706,1706852.71985993,-1996.0,-1904.0,-1880.0,-1740.0,-1336.0,-1104.0,-1052.0,-896.0,-828.0,-716.0
1707,1707853.2191095548,-1992.0,-1928.0,-1880.0,-1728.0,-1324.0,-1148.0,-980.0,-904.0,-812.0,-740.0
1708,1708853.7183591796,-2024.0,-1940.0,-1832.0,-1696.0,-1284.0,-1152.0,-1012.0,-836.0,-708.0,-732.0
1709,1709854.2176088043,-1984.0,-1948.0,-1804.0,-1648.0,-1356.0,-1108.0,-1120.0,-868.0,-732.0,-668.0
1710,1710854.7168584291,-2008.0,-1936.0,-1820.0,-1620.0,-1332.0,-1060.0,-1104.0,-812.0,-788.0,-768.0
1711,1711855.216108054,-2024.0,-1964.0,-1864.0,-1612.0,-1320.0,-1104.0,-1084.0,-808.0,-808.0,-736.0
1712,1712855.7153576787,-2024.0,-1960.0,-1872.0,-1656.0,-1332.0,-1048.0,-1012.0,-800.0,-840.0,-700.0
1713,1713856.2146073035,-2004.0,-1948.0,-1872.0,-1660.0,-1280.0,-1028.0,-1028.0,-900.0,-872.0,-728.0
1714,1714856.7138569283,-2032.0,-1908.0,-1944.0,-1640.0,-1308.0,-1020.0,-1116.0,-892.0,-824.0,-656.0
1715,1715857.2131065533,-2000.0,-1912.0,-1888.0,-1668.0,-1436.0,-1004.0,-1032.0,-936.0,-868.0,-768.0
1716,1716857.712356178,-2024.0,-1908.0,-1912.0,-1688.0,-1396.0,-1032.0,-1036.0,-876.0,-792.0,-792.0
1717,1717858.2116058029,-1980.0,-1964.0,-1860.0,-1748.0,-1368.0,-980.0,-1072.0,-908.0,-752.0,-752.0
1718,1718858.7108554277,-1972.0,-1972.0,-1820.0,-1660.0,-1416.0,-1024.0,-1120.0,-840.0,-776.0,-792.0
1719,1719859.2101050525,-1960.0,-1964.0,-1864.0,-1648.0,-1332.0,-1016.0,-1100.0,-952.0,-804.0,-788.0
1720,1720859.7093546772,-1956.0,-1976.0,-1820.0,-1612.0,-1348.0,-1092.0,-988.0,-884.0,-868.0,-644.0
1721,1721860.208604302,-1984.0,-1960.0,-1812.0,-1644.0,-1384.0,-1140.0,-988.0,-916.0,-844.0,-648.0
1722,1722860.7078539268,-1996.0,-1964.0,-1824.0,-1764.0,-1376.0,-1140.0,-960.0,-932.0,-836.0,-788.0
1723,1723861.2071035516,-2008.0,-1952.0,-1816.0,-1748.0,-1340.0,-1136.0,-840.0,-920.0,-804.0,-828.0
1724,1724861.7063531766,-2000.0,-1956.0,-1772.0,-1756.0,-1380.0,-1196.0,-968.0,-896.0,-836.0,-824.0
1725,1725862.2056028014,-1972.0,-1944.0,-1848.0,-1808.0,-1416.0,-1128.0,-1004.0,-888.0,-744.0,-804.0
1726,1726862.7048524262,-1956.0,-1960.0,-1812.0,-1856.0,-1488.0,-1124.0,-964.0,-980.0,-768.0,-776.0
1727,1727863.204102051,-1980.0,-1912.0,-1788.0,-1800.0,-1528.0,-1140.0,-908.0,-936.0,-780.0,-708.0
1728,1728863.7033516758,-2024.0,-1896.0,-1796.0,-1760.0,-1420.0,-1120.0,-1004.0,-1020.0,-764.0,-720.0
1729,1729864.2026013006,-2016.0,-1948.0,-1840.0,-1748.0,-1444.0,-1156.0,-1032.0,-976.0,-820.0,-704.0
1730,1730864.7018509253,-2000.0,-1940.0,-1812.0,-1660.0,-1420.0,-1096.0,-1036.0,-864.0,-888.0,-696.0
1731,1731865.2011005501,-1988.0,-1920.0,-1816.0,-1740.0,-1372.0,-1128.0,-936.0,-940.0,-892.0,-700.0
1732,1732865.700350175,-2032.0,-1952.0,-1780.0,-1728.0,-1432.0,-1120.0,-920.0,-988.0,-892.0,-712.0
1733,1733866.1995998,-2024.0,-1988.0,-1796.0,-1784.0,-1416.0,-1068.0,-924.0,-944.0,-868.0,-772.0
1734,1734866.6988494247,-2016.0,-1972.0,-1780.0,-1856.0,-1408.0,-1004.0,-1020.0,-988.0,-928.0,-780.0
1735,1735867.1980990495,-2000.0,-1944.0,-1816.0,-1744.0,-1400.0,-1016.0,-960.0,-952.0,-928.0,-800.0
1736,1736867.6973486743,-2008.0,-1968.0,-1852.0,-1708.0,-1444.0,-1080.0,-944.0,-928.0,-876.0,-724.0
1737,1737868.196598299,-1992.0,-1996.0,-1808.0,-1692.0,-1392.0,-1076.0,-1004.0,-972.0,-940.0,-732.0
1738,1738868.6958479239,-2000.0,-1944.0,-1788.0,-1756.0,-1368.0,-1088.0,-936.0,-916.0,-884.0,-752.0
1739,1739869.1950975487,-2004.0,-1952.0,-1844.0,-1724.0,-1316.0,-1136.0,-940.0,-928.0,-912.0,-832.0
1740,1740869.6943471734,-2000.0,-1932.0,-1876.0,-1744.0,-1352.0,-1108.0,-948.0,-872.0,-824.0,-820.0
1741,1741870.1935967982,-1988.0,-2016.0,-1872.0,-1772.0,-1424.0,-1116.0,-964.0,-900.0,-820.0,-772.0
1742,1742870.6928464232,-2004.0,-2008.0,-1884.0,-1764.0,-1364.0,-1096.0,-916.0,-828.0,-720.0,-848.0
1743,1743871.192096048,-2024.0,-2028.0,-1868.0,-1752.0,-1444.0,-1092.0,-980.0,-848.0,-796.0,-764.0
1744,1744871.6913456728,-2024.0,-1992.0,-1896.0,-1768.0,-1492.0,-1124.0,-1036.0,-904.0,-732.0,-832.0
1745,1745872.1905952976,-2040.0,-1980.0,-1868.0,-1772.0,-1400.0,-1144.0,-1024.0,-900.0,-744.0,-772.0
1746,1746872.6898449224,-1996.0,-1964.0,-1824.0,-1788.0,-1348.0,-1152.0,-1032.0,-848.0,-824.0,-824.0
1747,1747873.1890945472,-1980.0,-1996.0,-1884.0,-1780.0,-1268.0,-1204.0,-972.0,-832.0,-784.0,-736.0
1748,1748873.688344172,-1972.0,-1980.0,-1864.0,-1700.0,-1292.0,-1196.0,-1020.0,-892.0,-800.0,-664.0
1749,1749874.1875937968,-1988.0,-2008.0,-1848.0,-1696.0,-1388.0,-1192.0,-1008.0,-876.0,-780.0,-636.0
1750,1750874.6868434215,-1964.0,-1964.0,-1804.0,-1656.0,-1292.0,-1092.0,-980.0,-884.0,-824.0,-704.0
1751,1751875.1860930466,-1968.0,-1984.0,-1760.0,-1648.0,-1284.0,-1108.0,-956.0,-880.0,-720.0,-736.0
1752,1752875.6853426713,-1992.0,-1984.0,-1800.0,-1712.0,-1324.0,-1040.0,-992.0,-908.0,-780.0,-708.0
1753,1753876.1845922961,-1976.0,-1988.0,-1804.0,-1812.0,-1332.0,-1144.0,-996.0,-888.0,-740.0,-676.0
1754,1754876.683841921,-1988.0,-1980.0,-1848.0,-1864.0,-1252.0,-1204.0,-1008.0,-920.0,-796.0,-712.0
1755,1755877.1830915457,-2020.0,-1956.0,-1852.0,-1788.0,-1304.0,-1208.0,-948.0,-956.0,-724.0,-712.0
1756,1756877.6823411705,-2016.0,-1916.0,-1892.0,-1788.0,-1292.0,-1140.0,-952.0,-900.0,-668.0,-720.0
1757,1757878.1815907953,-2032.0,-1912.0,-1908.0,-1760.0,-1232.0,-1016.0,-956.0,-916.0,-772.0,-728.0
1758,1758878.68084042,-2024.0,-1988.0,-1820.0,-1736.0,-1308.0,-1128.0,-980.0,-824.0,-708.0,-756.0
1759,1759879.1800900449,-2008.0,-2004.0,-1848.0,-1736.0,-1260.0,-1044.0,-988.0,-884.0,-692.0,-752.0
1760,1760879.6793396696,-1988.0,-1984.0,-1856.0,-1624.0,-1248.0,-1136.0,-948.0,-824.0,-712.0,-784.0
1761,1761880.1785892947,-1944.0,-1948.0,-1928.0,-1600.0,-1272.0,-1128.0,-912.0,-876.0,-748.0,-760.0
1762,1762880.6778389195,-1940.0,-1984.0,-1884.0,-1624.0,-1356.0,-1080.0,-968.0,-848.0,-712.0,-828.0
1763,1763881.1770885442,-2008.0,-1980.0,-1836.0,-1748.0,-1336.0,-1244.0,-1032.0,-840.0,-792.0,-792.0
1764,1764881.676338169,-2004.0,-1964.0,-1780.0,-1712.0,-1268.0,-1208.0,-1040.0,-908.0,-848.0,-852.0
1765,1765882.1755877938,-2024.0,-1980.0,-1888.0,-1696.0,-1296.0,-1208.0,-1020.0,-868.0,-720.0,-796.0
1766,1766882.6748374186,-2024.0,-1952.0,-1848.0,-1696.0,-1304.0,-1232.0,-904.0,-964.0,-780.0,-728.0
1767,1767883.1740870434,-2004.0,-1948.0,-1848.0,-1792.0,-1276.0,-1244.0,-964.0,-868.0,-748.0,-696.0
1768,1768883.6733366682,-2004.0,-1928.0,-1856.0,-1732.0,-1312.0,-1216.0,-972.0,-964.0,-804.0,-692.0
1769,1769884.172586293,-1992.0,-1904.0,-1836.0,-1816.0,-1312.0,-1276.0,-1000.0,-896.0,-764.0,-764.0
1770,1770884.671835918,-1996.0,-1888.0,-1840.0,-1700.0,-1296.0,-1276.0,-976.0,-912.0,-784.0,-732.0
1771,1771885.1710855428,-1988.0,-1888.0,-1804.0,-1700.0,-1252.0,-1284.0,-984.0,-888.0,-800.0,-772.0
1772,1772885.6703351676,-1984.0,-1876.0,-1800.0,-1776.0,-1244.0,-1288.0,-928.0,-852.0,-740.0,-840.0
1773,1773886.1695847923,-1988.0,-1892.0,-1792.0,-1784.0,-1296.0,-1280.0,-960.0,-952.0,-788.0,-720.0
1774,1774886.6688344171,-2008.0,-1964.0,-1792.0,-1752.0,-1232.0,-1344.0,-904.0,-968.0,-724.0,-748.0
1775,1775887.168084042,-2016.0,-1912.0,-1884.0,-1720.0,-1292.0,-1240.0,-880.0,-956.0,-768.0,-828.0
1776,1776887.6673336667,-1992.0,-1952.0,-1888.0,-1684.0,-1328.0,-1224.0,-868.0,-924.0,-852.0,-744.0
1777,1777888.1665832915,-1996.0,-1932.0,-1856.0,-1648.0,-1360.0,-1276.0,-808.0,-796.0,-876.0,-796.0
1778,1778888.6658329163,-2004.0,-1900.0,-1872.0,-1664.0,-1384.0,-1308.0,-840.0,-808.0,-748.0,-784.0
1779,1779889.1650825413,-2016.0,-1944.0,-1836.0,-1676.0,-1412.0,-1368.0,-848.0,-872.0,-728.0,-752.0
1780,1780889.664332166,-2016.0,-1936.0,-1824.0,-1632.0,-1348.0,-1364.0,-904.0,-900.0,-812.0,-760.0
1781,1781890.1635817909,-2000.0,-1976.0,-1916.0,-1708.0,-1368.0,-1416.0,-908.0,-788.0,-708.0,-748.0
1782,1782890.6628314157,-1996.0,-1956.0,-1812.0,-1676.0,-1300.0,-1360.0,-988.0,-860.0,-720.0,-712.0
1783,1783891.1620810404,-1980.0,-1960.0,-1792.0,-1696.0,-1332.0,-1352.0,-932.0,-848.0,-716.0,-736.0
1784,1784891.6613306652,-1960.0,-1884.0,-1864.0,-1644.0,-1388.0,-1244.0,-928.0,-852.0,-812.0,-732.0
1785,1785892.16058029,-1984.0,-1884.0,-1856.0,-1620.0,-1304.0,-1228.0,-956.0,-876.0,-812.0,-716.0
1786,1786892.6598299148,-1984.0,-1948.0,-1860.0,-1640.0,-1320.0,-1312.0,-864.0,-828.0,-836.0,-660.0
1787,1787893.1590795396,-1984.0,-1932.0,-1856.0,-1696.0,-1380.0,-1304.0,-876.0,-876.0,-828.0,-676.0
1788,1788893.6583291646,-2000.0,-1916.0,-1880.0,-1664.0,-1372.0,-1304.0,-808.0,-992.0,-816.0,-736.0
1789,1789894.1575787894,-2016.0,-1940.0,-1856.0,-1604.0,-1376.0,-1256.0,-856.0,-996.0,-708.0,-740.0
1790,1790894.6568284142,-2008.0,-1920.0,-1848.0,-1608.0,-1368.0,-1300.0,-988.0,-988.0,-744.0,-760.0
1791,1791895.156078039,-1992.0,-1964.0,-1840.0,-1660.0,-1412.0,-1352.0,-976.0,-960.0,-720.0,-756.0
1792,1792895.6553276638,-1992.0,-1956.0,-1832.0,-1688.0,-1364.0,-1320.0,-1000.0,-956.0,-792.0,-692.0
1793,1793896.1545772885,-1948.0,-1968.0,-1908.0,-1760.0,-1320.0,-1420.0,-1040.0,-1044.0,-772.0,-680.0
1794,1794896.6538269133,-1980.0,-1932.0,-1860.0,-1780.0,-1316.0,-1340.0,-1020.0,-972.0,-768.0,-696.0
1795,1795897.1530765381,-1980.0,-1936.0,-1860.0,-1748.0,-1296.0,-1300.0,-976.0,-960.0,-768.0,-688.0
1796,1796897.652326163,-1988.0,-1868.0,-1876.0,-1724.0,-1344.0,-1276.0,-1036.0,-960.0,-712.0,-624.0
1797,1797898.151575788,-2008.0,-1872.0,-1848.0,-1784.0,-1408.0,-1196.0,-972.0,-904.0,-732.0,-720.0
1798,1798898.6508254127,-2024.0,-1916.0,-1888.0,-1728.0,-1388.0,-1164.0,-932.0,-880.0,-764.0,-800.0
1799,1799899.1500750375,-1976.0,-1944.0,-1864.0,-1672.0,-1400.0,-1212.0,-1004.0,-968.0,-752.0,-876.0
1800,1800899.6493246623,-1996.0,-1968.0,-1808.0,-1652.0,-1328.0,-1260.0,-928.0,-1016.0,-748.0,-832.0
1801,1801900.148574287,-1988.0,-1932.0,-1856.0,-1668.0,-1364.0,-1272.0,-976.0,-948.0,-788.0,-860.0
1802,1802900.6478239119,-2016.0,-1968.0,-1884.0,-1604.0,-1320.0,-1256.0,-1020.0,-1032.0,-720.0,-820.0
1803,1803901.1470735366,-2024.0,-1984.0,-1840.0,-1696.0,-1420.0,-1360.0,-980.0,-960.0,-676.0,-812.0
1804,1804901.6463231614,-2008.0,-1972.0,-1880.0,-1652.0,-1408.0,-1248.0,-968.0,-984.0,-732.0,-788.0
1805,1805902.1455727862,-1996.0,-2004.0,-1900.0,-1736.0,-1356.0,-1216.0,-1036.0,-952.0,-708.0,-756.0
1806,1806902.6448224112,-1996.0,-1984.0,-1892.0,-1632.0,-1360.0,-1168.0,-1004.0,-948.0,-708.0,-676.0
1807,1807903.144072036,-2012.0,-1968.0,-1928.0,-1580.0,-1348.0,-1204.0,-936.0,-920.0,-736.0,-720.0
1808,1808903.6433216608,-1976.0,-1936.0,-1840.0,-1572.0,-1320.0,-1232.0,-872.0,-924.0,-768.0,-648.0
1809,1809904.1425712856,-2000.0,-1944.0,-1880.0,-1652.0,-1340.0,-1140.0,-936.0,-884.0,-788.0,-716.0
1810,1810904.6418209104,-1972.0,-1960.0,-1860.0,-1636.0,-1332.0,-1104.0,-1032.0,-1000.0,-840.0,-760.0
1811,1811905.1410705352,-1944.0,-1960.0,-1856.0,-1640.0,-1348.0,-1100.0,-1020.0,-968.0,-820.0,-764.0
1812,1812905.64032016,-1972.0,-1980.0,-1824.0,-1680.0,-1416.0,-1120.0,-972.0,-936.0,-792.0,-816.0
1813,1813906.1395697847,-1964.0,-1912.0,-1836.0,-1640.0,-1484.0,-1144.0,-928.0,-868.0,-788.0,-792.0
1814,1814906.6388194095,-2016.0,-1932.0,-1836.0,-1660.0,-1368.0,-1216.0,-1044.0,-828.0,-728.0,-792.0
1815,1815907.1380690346,-2016.0,-1968.0,-1828.0,-1644.0,-1420.0,-1064.0,-996.0,-864.0,-764.0,-764.0
1816,1816907.6373186593,-2000.0,-1988.0,-1884.0,-1672.0,-1312.0,-1132.0,-964.0,-876.0,-844.0,-720.0
1817,1817908.1365682841,-2016.0,-1984.0,-1864.0,-1644.0,-1436.0,-1108.0,-1024.0,-888.0,-824.0,-728.0
1818,1818908.635817909,-1992.0,-2008.0,-1896.0,-1572.0,-1420.0,-1096.0,-972.0,-880.0,-740.0,-764.0
1819,1819909.1350675337,-1964.0,-1984.0,-1872.0,-1552.0,-1400.0,-1072.0,-984.0,-864.0,-812.0,-680.0
1820,1820909.6343171585,-1992.0,-1932.0,-1868.0,-1564.0,-1436.0,-1108.0,-1092.0,-928.0,-856.0,-680.0
1821,1821910.1335667833,-1964.0,-1932.0,-1904.0,-1644.0,-1480.0,-1180.0,-1020.0,-940.0,-692.0,-812.0
1822,1822910.632816408,-2016.0,-1952.0,-1884.0,-1652.0,-1464.0,-1128.0,-956.0,-900.0,-776.0,-852.0
1823,1823911.1320660328,-1984.0,-1944.0,-1852.0,-1676.0,-1400.0,-1064.0,-1016.0,-908.0,-784.0,-836.0
1824,1824911.6313156579,-1992.0,-1924.0,-1880.0,-1664.0,-1432.0,-1168.0,-1020.0,-908.0,-740.0,-656.0
1825,1825912.1305652827,-1952.0,-1952.0,-1892.0,-1716.0,-1432.0,-1096.0,-1016.0,-884.0,-820.0,-672.0
1826,1826912.6298149074,-1968.0,-1936.0,-1912.0,-1736.0,-1492.0,-1120.0,-1084.0,-920.0,-796.0,-728.0
1827,1827913.1290645322,-1968.0,-1980.0,-1920.0,-1668.0,-1432.0,-1140.0,-1072.0,-928.0,-768.0,-716.0
1828,1828913.628314157,-2000.0,-1924.0,-1828.0,-1652.0,-1344.0,-1176.0,-988.0,-904.0,-728.0,-748.0
1829,1829914.1275637818,-2004.0,-1940.0,-1872.0,-1656.0,-1292.0,-1164.0,-1040.0,-836.0,-700.0,-828.0
1830,1830914.6268134066,-2008.0,-1964.0,-1860.0,-1604.0,-1236.0,-1132.0,-972.0,-764.0,-748.0,-736.0
1831,1831915.1260630314,-2024.0,-1968.0,-1844.0,-1560.0,-1236.0,-1108.0,-968.0,-732.0,-764.0,-776.0
1832,1832915.6253126562,-2000.0,-1912.0,-1924.0,-1572.0,-1228.0,-1060.0,-1076.0,-788.0,-812.0,-712.0
1833,1833916.124562281,-1956.0,-1920.0,-1848.0,-1588.0,-1288.0,-1092.0,-1020.0,-772.0,-748.0,-760.0
1834,1834916.623811906,-2016.0,-1896.0,-1816.0,-1584.0,-1284.0,-1080.0,-1024.0,-812.0,-832.0,-736.0
1835,1835917.1230615308,-1968.0,-1908.0,-1812.0,-1580.0,-1304.0,-1024.0,-952.0,-840.0,-728.0,-692.0
1836,1836917.6223111555,-1996.0,-1912.0,-1800.0,-1588.0,-1356.0,-1024.0,-908.0,-864.0,-756.0,-704.0
1837,1837918.1215607803,-2020.0,-1884.0,-1812.0,-1608.0,-1364.0,-1032.0,-872.0,-828.0,-836.0,-748.0
1838,1838918.6208104051,-1996.0,-1868.0,-1856.0,-1652.0,-1276.0,-1068.0,-860.0,-820.0,-848.0,-700.0
1839,1839919.12006003,-1988.0,-1948.0,-1860.0,-1680.0,-1240.0,-1056.0,-872.0,-800.0,-860.0,-712.0
1840,1840919.6193096547,-2000.0,-1956.0,-1784.0,-1728.0,-1320.0,-1060.0,-908.0,-804.0,-872.0,-728.0
1841,1841920.1185592795,-1984.0,-1940.0,-1716.0,-1756.0,-1308.0,-1084.0,-912.0,-824.0,-856.0,-628.0
1842,1842920.6178089043,-2004.0,-1952.0,-1740.0,-1764.0,-1280.0,-992.0,-948.0,-848.0,-864.0,-736.0
1843,1843921.1170585293,-1964.0,-1940.0,-1816.0,-1784.0,-1220.0,-1064.0,-924.0,-864.0,-848.0,-648.0
1844,1844921.616308154,-1992.0,-1964.0,-1772.0,-1768.0,-1276.0,-1032.0,-900.0,-912.0,-772.0,-680.0
1845,1845922.1155577789,-2008.0,-1964.0,-1768.0,-1776.0,-1312.0,-996.0,-1020.0,-976.0,-852.0,-768.0
1846,1846922.6148074036,-2032.0,-1988.0,-1804.0,-1772.0,-1256.0,-1000.0,-936.0,-992.0,-864.0,-804.0
1847,1847923.1140570284,-2008.0,-1976.0,-1816.0,-1688.0,-1252.0,-964.0,-1036.0,-912.0,-904.0,-696.0
1848,1848923.6133066532,-2004.0,-1992.0,-1864.0,-1704.0,-1248.0,-928.0,-924.0,-856.0,-920.0,-716.0
1849,1849924.112556278,-2000.0,-1988.0,-1840.0,-1744.0,-1236.0,-964.0,-964.0,-832.0,-872.0,-752.0
1850,1850924.6118059028,-1992.0,-1960.0,-1760.0,-1784.0,-1208.0,-976.0,-988.0,-820.0,-864.0,-800.0
1851,1851925.1110555276,-2008.0,-1976.0,-1804.0,-1796.0,-1260.0,-1120.0,-956.0,-868.0,-908.0,-820.0
1852,1852925.6103051526,-2008.0,-1976.0,-1740.0,-1692.0,-1252.0,-1092.0,-988.0,-836.0,-788.0,-740.0
1853,1853926.1095547774,-2008.0,-1976.0,-1780.0,-1664.0,-1288.0,-1004.0,-908.0,-880.0,-904.0,-780.0
1854,1854926.6088044022,-2008.0,-1968.0,-1776.0,-1632.0,-1268.0,-976.0,-928.0,-912.0,-896.0,-712.0
1855,1855927.108054027,-2004.0,-1996.0,-1860.0,-1664.0,-1264.0,-1012.0,-996.0,-928.0,-940.0,-672.0
1856,1856927.6073036517,-1984.0,-1968.0,-1868.0,-1680.0,-1216.0,-1016.0,-936.0,-876.0,-864.0,-716.0
1857,1857928.1065532765,-2004.0,-1964.0,-1864.0,-1628.0,-1284.0,-1020.0,-972.0,-852.0,-884.0,-736.0
1858,1858928.6058029013,-2016.0,-1968.0,-1824.0,-1688.0,-1324.0,-1064.0,-992.0,-840.0,-804.0,-780.0
1859,1859929.105052526,-1952.0,-1964.0,-1780.0,-1644.0,-1364.0,-1100.0,-1024.0,-900.0,-868.0,-736.0
1860,1860929.604302151,-1976.0,-1968.0,-1820.0,-1588.0,-1376.0,-1092.0,-1064.0,-960.0,-788.0,-792.0
1861,1861930.103551776,-2000.0,-1964.0,-1772.0,-1520.0,-1268.0,-1060.0,-1040.0,-956.0,-808.0,-764.0
1862,1862930.6028014007,-2000.0,-1956.0,-1752.0,-1612.0,-1316.0,-1084.0,-984.0,-880.0,-772.0,-716.0
1863,1863931.1020510255,-2032.0,-1932.0,-1804.0,-1612.0,-1272.0,-1156.0,-960.0,-896.0,-848.0,-756.0
1864,1864931.6013006503,-2008.0,-1896.0,-1812.0,-1640.0,-1268.0,-1080.0,-1044.0,-904.0,-740.0,-828.0
1865,1865932.100550275,-1988.0,-1920.0,-1776.0,-1672.0,-1248.0,-1044.0,-1184.0,-936.0,-800.0,-728.0
1866,1866932.5997998999,-2000.0,-1896.0,-1804.0,-1592.0,-1220.0,-1116.0,-1036.0,-924.0,-816.0,-748.0
1867,1867933.0990495246,-1996.0,-1920.0,-1784.0,-1648.0,-1248.0,-1028.0,-1020.0,-904.0,-836.0,-720.0
1868,1868933.5982991494,-2008.0,-1912.0,-1872.0,-1628.0,-1244.0,-1040.0,-992.0,-912.0,-736.0,-772.0
1869,1869934.0975487742,-2016.0,-1900.0,-1816.0,-1648.0,-1212.0,-1052.0,-952.0,-976.0,-740.0,-744.0
1870,1870934.5967983992,-2008.0,-1908.0,-1816.0,-1712.0,-1224.0,-1104.0,-968.0,-944.0,-784.0,-616.0
1871,1871935.096048024,-1988.0,-1924.0,-1840.0,-1672.0,-1212.0,-1060.0,-1004.0,-932.0,-816.0,-704.0
1872,1872935.5952976488,-2000.0,-1912.0,-1860.0,-1632.0,-1284.0,-1140.0,-968.0,-904.0,-792.0,-724.0
1873,1873936.0945472736,-2000.0,-1932.0,-1812.0,-1644.0,-1328.0,-1132.0,-840.0,-908.0,-684.0,-732.0
1874,1874936.5937968984,-2032.0,-1948.0,-1768.0,-1648.0,-1328.0,-1104.0,-860.0,-900.0,-712.0,-680.0
1875,1875937.0930465232,-2000.0,-1936.0,-1836.0,-1700.0,-1264.0,-1104.0,-884.0,-856.0,-736.0,-684.0
1876,1876937.592296148,-2028.0,-1948.0,-1852.0,-1700.0,-1296.0,-1064.0,-928.0,-968.0,-816.0,-780.0
1877,1877938.0915457727,-2008.0,-1924.0,-1860.0,-1728.0,-1296.0,-1160.0,-868.0,-956.0,-836.0,-768.0
1878,1878938.5907953975,-1984.0,-1924.0,-1900.0,-1656.0,-1276.0,-1196.0,-912.0,-1004.0,-828.0,-672.0
1879,1879939.0900450225,-1984.0,-1924.0,-1876.0,-1676.0,-1276.0,-1148.0,-1016.0,-952.0,-800.0,-644.0
1880,1880939.5892946473,-2012.0,-1948.0,-1892.0,-1752.0,-1220.0,-1172.0,-1080.0,-928.0,-756.0,-640.0
1881,1881940.0885442721,-2032.0,-2008.0,-1896.0,-1736.0,-1264.0,-1168.0,-988.0,-924.0,-764.0,-668.0
1882,1882940.587793897,-2024.0,-2008.0,-1880.0,-1720.0,-1216.0,-1140.0,-992.0,-856.0,-788.0,-796.0
1883,1883941.0870435217,-2016.0,-1956.0,-1864.0,-1688.0,-1316.0,-1092.0,-932.0,-808.0,-740.0,-732.0
1884,1884941.5862931465,-2016.0,-1948.0,-1828.0,-1684.0,-1272.0,-1148.0,-904.0,-876.0,-780.0,-632.0
1885,1885942.0855427713,-2004.0,-1920.0,-1860.0,-1656.0,-1296.0,-1164.0,-892.0,-804.0,-856.0,-684.0
1886,1886942.584792396,-2000.0,-1948.0,-1868.0,-1644.0,-1268.0,-1152.0,-836.0,-888.0,-768.0,-768.0
1887,1887943.0840420208,-1976.0,-1920.0,-1840.0,-1648.0,-1224.0,-1064.0,-952.0,-924.0,-740.0,-808.0
1888,1888943.5832916456,-2020.0,-1876.0,-1888.0,-1632.0,-1292.0,-1044.0,-940.0,-940.0,-816.0,-776.0
1889,1889944.0825412706,-2008.0,-1944.0,-1888.0,-1716.0,-1300.0,-1092.0,-1040.0,-916.0,-780.0,-760.0
1890,1890944.5817908954,-1976.0,-1952.0,-1876.0,-1688.0,-1300.0,-1088.0,-976.0,-900.0,-772.0,-776.0
1891,1891945.0810405202,-1968.0,-1972.0,-1872.0,-1652.0,-1280.0,-1192.0,-936.0,-880.0,-844.0,-784.0
1892,1892945.580290145,-1984.0,-1960.0,-1884.0,-1684.0,-1320.0,-1112.0,-932.0,-916.0,-804.0,-688.0
1893,1893946.0795397698,-1980.0,-1964.0,-1932.0,-1668.0,-1296.0,-1120.0,-1076.0,-840.0,-736.0,-740.0
1894,1894946.5787893946,-2000.0,-1944.0,-1912.0,-1736.0,-1316.0,-1100.0,-1080.0,-812.0,-736.0,-760.0
1895,1895947.0780390194,-2000.0,-1960.0,-1868.0,-1656.0,-1320.0,-1112.0,-1048.0,-864.0,-732.0,-832.0
1896,1896947.5772886442,-2008.0,-1952.0,-1868.0,-1692.0,-1232.0,-1096.0,-1068.0,-888.0,-804.0,-752.0
1897,1897948.076538269,-2008.0,-1920.0,-1848.0,-1708.0,-1220.0,-1084.0,-1016.0,-956.0,-872.0,-740.0
1898,1898948.575787894,-2004.0,-1920.0,-1844.0,-1668.0,-1272.0,-1144.0,-964.0,-832.0,-780.0,-708.0
1899,1899949.0750375187,-2028.0,-1892.0,-1876.0,-1608.0,-1388.0,-1084.0,-984.0,-888.0,-760.0,-704.0
1900,1900949.5742871435,-2008.0,-1940.0,-1948.0,-1644.0,-1320.0,-1068.0,-968.0,-840.0,-760.0,-800.0
1901,1901950.0735367683,-2016.0,-1940.0,-1936.0,-1652.0,-1316.0,-1148.0,-964.0,-884.0,-748.0,-728.0
1902,1902950.572786393,-2024.0,-1888.0,-1948.0,-1644.0,-1380.0,-1148.0,-1016.0,-888.0,-788.0,-756.0
1903,1903951.072036018,-2032.0,-1948.0,-1940.0,-1600.0,-1380.0,-1108.0,-1060.0,-880.0,-784.0,-704.0
1904,1904951.5712856427,-2000.0,-1940.0,-1916.0,-1584.0,-1372.0,-1100.0,-1024.0,-820.0,-752.0,-688.0
1905,1905952.0705352675,-2000.0,-1948.0,-1928.0,-1688.0,-1404.0,-1120.0,-1056.0,-964.0,-692.0,-724.0
1906,1906952.5697848923,-1996.0,-1964.0,-1932.0,-1616.0,-1312.0,-1136.0,-1064.0,-844.0,-764.0,-744.0
1907,1907953.0690345173,-2016.0,-1932.0,-1884.0,-1580.0,-1304.0,-1156.0,-1080.0,-840.0,-760.0,-704.0
1908,1908953.568284142,-2016.0,-1948.0,-1956.0,-1592.0,-1308.0,-1068.0,-1024.0,-804.0,-804.0,-676.0
1909,1909954.0675337669,-2032.0,-1980.0,-1940.0,-1620.0,-1240.0,-1108.0,-1032.0,-764.0,-808.0,-748.0
1910,1910954.5667833916,-2020.0,-1948.0,-1912.0,-1636.0,-1352.0,-1116.0,-920.0,-828.0,-792.0,-800.0
1911,1911955.0660330164,-2012.0,-1948.0,-1876.0,-1620.0,-1320.0,-1012.0,-1008.0,-808.0,-784.0,-876.0
1912,1912955.5652826412,-2008.0,-1948.0,-1868.0,-1612.0,-1408.0,-1012.0,-1004.0,-824.0,-820.0,-728.0
1913,1913956.064532266,-2016.0,-1952.0,-1752.0,-1688.0,-1336.0,-1028.0,-1048.0,-796.0,-744.0,-716.0
1914,1914956.5637818908,-1988.0,-1952.0,-1768.0,-1584.0,-1332.0,-1032.0,-1032.0,-816.0,-792.0,-736.0
1915,1915957.0630315156,-1992.0,-1932.0,-1832.0,-1648.0,-1332.0,-1056.0,-944.0,-784.0,-756.0,-812.0
1916,1916957.5622811406,-1972.0,-1948.0,-1824.0,-1628.0,-1328.0,-1092.0,-964.0,-688.0,-740.0,-700.0
1917,1917958.0615307654,-2024.0,-1964.0,-1824.0,-1684.0,-1376.0,-1044.0,-1020.0,-724.0,-780.0,-720.0
1918,1918958.5607803902,-2032.0,-1940.0,-1840.0,-1696.0,-1380.0,-1036.0,-1008.0,-832.0,-808.0,-680.0
1919,1919959.060030015,-2008.0,-1968.0,-1828.0,-1772.0,-1260.0,-1032.0,-1036.0,-840.0,-912.0,-768.0
1920,1920959.5592796397,-2004.0,-1952.0,-1832.0,-1716.0,-1244.0,-1116.0,-988.0,-784.0,-852.0,-696.0
1921,1921960.0585292645,-2020.0,-1928.0,-1832.0,-1692.0,-1216.0,-1100.0,-1056.0,-816.0,-812.0,-648.0
1922,1922960.5577788893,-2032.0,-1920.0,-1916.0,-1696.0,-1264.0,-1104.0,-1024.0,-908.0,-808.0,-764.0
1923,1923961.057028514,-2024.0,-1940.0,-1904.0,-1684.0,-1312.0,-1152.0,-984.0,-880.0,-752.0,-812.0
1924,1924961.556278139,-2016.0,-1884.0,-1868.0,-1704.0,-1280.0,-1176.0,-972.0,-880.0,-700.0,-832.0
1925,1925962.055527764,-2024.0,-1936.0,-1840.0,-1636.0,-1324.0,-1144.0,-932.0,-868.0,-732.0,-820.0
1926,1926962.5547773887,-2020.0,-1920.0,-1852.0,-1596.0,-1320.0,-1064.0,-1032.0,-848.0,-748.0,-852.0
1927,1927963.0540270135,-2020.0,-1900.0,-1832.0,-1660.0,-1368.0,-1132.0,-936.0,-840.0,-820.0,-748.0
1928,1928963.5532766383,-2016.0,-1916.0,-1856.0,-1716.0,-1380.0,-1088.0,-892.0,-840.0,-836.0,-736.0
1929,1929964.052526263,-2032.0,-1936.0,-1852.0,-1712.0,-1392.0,-1092.0,-1012.0,-856.0,-764.0,-720.0
1930,1930964.5517758878,-2024.0,-1944.0,-1884.0,-1624.0,-1328.0,-1100.0,-1012.0,-888.0,-776.0,-648.0
1931,1931965.0510255126,-1972.0,-1988.0,-1880.0,-1696.0,-1376.0,-1200.0,-992.0,-892.0,-800.0,-672.0
1932,1932965.5502751374,-1984.0,-1940.0,-1920.0,-1804.0,-1368.0,-1152.0,-1004.0,-892.0,-776.0,-732.0
1933,1933966.0495247622,-2032.0,-1924.0,-1896.0,-1760.0,-1352.0,-1056.0,-1072.0,-880.0,-800.0,-668.0
1934,1934966.5487743872,-1980.0,-1892.0,-1904.0,-1780.0,-1388.0,-1096.0,-1020.0,-900.0,-844.0,-644.0
1935,1935967.048024012,-1984.0,-1916.0,-1868.0,-1772.0,-1356.0,-1068.0,-956.0,-940.0,-820.0,-636.0
1936,1936967.5472736368,-1972.0,-1932.0,-1876.0,-1788.0,-1392.0,-1080.0,-956.0,-856.0,-856.0,-616.0
1937,1937968.0465232616,-1988.0,-1900.0,-1896.0,-1756.0,-1408.0,-1092.0,-896.0,-832.0,-720.0,-688.0
1938,1938968.5457728864,-2012.0,-1916.0,-1876.0,-1692.0,-1384.0,-1040.0,-940.0,-836.0,-900.0,-784.0
1939,1939969.0450225112,-2032.0,-1912.0,-1872.0,-1816.0,-1272.0,-964.0,-908.0,-932.0,-880.0,-700.0
1940,1940969.544272136,-2020.0,-1952.0,-1884.0,-1800.0,-1324.0,-1056.0,-912.0,-948.0,-780.0,-756.0
1941,1941970.0435217607,-2000.0,-1896.0,-1796.0,-1740.0,-1340.0,-1144.0,-888.0,-900.0,-872.0,-728.0
1942,1942970.5427713855,-1980.0,-1940.0,-1824.0,-1736.0,-1352.0,-1204.0,-976.0,-892.0,-772.0,-768.0
1943,1943971.0420210105,-2012.0,-1980.0,-1812.0,-1660.0,-1364.0,-1184.0,-972.0,-880.0,-776.0,-836.0
1944,1944971.5412706353,-1996.0,-1984.0,-1816.0,-1752.0,-1344.0,-1128.0,-1020.0,-880.0,-836.0,-832.0
1945,1945972.04052026,-2008.0,-1932.0,-1792.0,-1696.0,-1364.0,-1044.0,-1060.0,-900.0,-800.0,-748.0
1946,1946972.539769885,-1992.0,-1956.0,-1756.0,-1648.0,-1288.0,-1132.0,-988.0,-900.0,-792.0,-788.0
1947,1947973.0390195097,-2008.0,-1944.0,-1816.0,-1672.0,-1272.0,-1092.0,-936.0,-836.0,-832.0,-712.0
1948,1948973.5382691345,-2028.0,-1948.0,-1852.0,-1660.0,-1296.0,-1152.0,-908.0,-844.0,-844.0,-708.0
1949,1949974.0375187593,-1984.0,-1916.0,-1908.0,-1692.0,-1272.0,-1116.0,-1036.0,-820.0,-848.0,-740.0
1950,1950974.536768384,-2032.0,-1944.0,-1880.0,-1672.0,-1272.0,-1164.0,-976.0,-804.0,-828.0,-712.0
1951,1951975.0360180088,-2000.0,-1928.0,-1852.0,-1704.0,-1304.0,-1148.0,-1036.0,-888.0,-724.0,-768.0
1952,1952975.5352676339,-2024.0,-1952.0,-1904.0,-1700.0,-1284.0,-1160.0,-984.0,-948.0,-740.0,-704.0
1953,1953976.0345172586,-2016.0,-1944.0,-1860.0,-1720.0,-1272.0,-1144.0,-952.0,-896.0,-804.0,-756.0
1954,1954976.5337668834,-2004.0,-1940.0,-1912.0,-1720.0,-1312.0,-1148.0,-964.0,-932.0,-724.0,-772.0
1955,1955977.0330165082,-2016.0,-1928.0,-1872.0,-1664.0,-1316.0,-1124.0,-996.0,-904.0,-784.0,-732.0
1956,1956977.532266133,-2024.0,-1924.0,-1888.0,-1688.0,-1280.0,-1132.0,-1032.0,-892.0,-820.0,-644.0
1957,1957978.0315157578,-2000.0,-1944.0,-1860.0,-1748.0,-1244.0,-1104.0,-1000.0,-928.0,-760.0,-700.0
1958,1958978.5307653826,-1980.0,-1904.0,-1860.0,-1740.0,-1216.0,-1068.0,-1020.0,-960.0,-752.0,-864.0
1959,1959979.0300150074,-1968.0,-1960.0,-1864.0,-1768.0,-1304.0,-1092.0,-1000.0,-1000.0,-776.0,-804.0
1960,1960979.5292646321,-1996.0,-1960.0,-1856.0,-1748.0,-1252.0,-1128.0,-1036.0,-920.0,-740.0,-684.0
1961,1961980.028514257,-1988.0,-1944.0,-1832.0,-1756.0,-1220.0,-1048.0,-1016.0,-1016.0,-816.0,-696.0
1962,1962980.527763882,-2012.0,-1952.0,-1824.0,-1728.0,-1228.0,-1036.0,-1016.0,-1092.0,-708.0,-836.0
1963,1963981.0270135067,-2000.0,-1936.0,-1900.0,-1732.0,-1244.0,-964.0,-992.0,-940.0,-732.0,-812.0
1964,1964981.5262631315,-2020.0,-1932.0,-1920.0,-1636.0,-1196.0,-1024.0,-964.0,-944.0,-764.0,-784.0
1965,1965982.0255127563,-1976.0,-1928.0,-1908.0,-1696.0,-1196.0,-1064.0,-1012.0,-932.0,-788.0,-816.0
1966,1966982.524762381,-2032.0,-1924.0,-1868.0,-1684.0,-1100.0,-1020.0,-980.0,-836.0,-740.0,-708.0
1967,1967983.024012006,-2016.0,-1888.0,-1860.0,-1612.0,-1224.0,-1044.0,-1012.0,-836.0,-764.0,-628.0
1968,1968983.5232616307,-1992.0,-1924.0,-1892.0,-1580.0,-1264.0,-1100.0,-1112.0,-860.0,-816.0,-708.0
1969,1969984.0225112555,-1988.0,-1944.0,-1816.0,-1660.0,-1308.0,-1140.0,-1064.0,-832.0,-868.0,-752.0
1970,1970984.5217608802,-1996.0,-1936.0,-1836.0,-1676.0,-1256.0,-1120.0,-908.0,-880.0,-808.0,-748.0
1971,1971985.0210105053,-2000.0,-1940.0,-1816.0,-1652.0,-1288.0,-1120.0,-1012.0,-920.0,-880.0,-672.0
1972,1972985.52026013,-1968.0,-1948.0,-1816.0,-1716.0,-1216.0,-1088.0,-1016.0,-944.0,-824.0,-784.0
1973,1973986.0195097548,-1988.0,-1940.0,-1844.0,-1700.0,-1252.0,-1072.0,-944.0,-1044.0,-744.0,-708.0
1974,1974986.5187593796,-1984.0,-1856.0,-1824.0,-1640.0,-1260.0,-1108.0,-932.0,-984.0,-840.0,-772.0
1975,1975987.0180090044,-1960.0,-1892.0,-1860.0,-1700.0,-1268.0,-1108.0,-948.0,-972.0,-900.0,-724.0
1976,1976987.5172586292,-1976.0,-1904.0,-1844.0,-1720.0,-1300.0,-1132.0,-904.0,-992.0,-852.0,-780.0
1977,1977988.016508254,-2008.0,-1892.0,-1844.0,-1648.0,-1224.0,-1136.0,-916.0,-1032.0,-852.0,-784.0
1978,1978988.5157578788,-2016.0,-1920.0,-1868.0,-1800.0,-1164.0,-1148.0,-944.0,-1004.0,-908.0,-776.0
1979,1979989.0150075036,-1976.0,-1944.0,-1812.0,-1784.0,-1208.0,-1116.0,-932.0,-964.0,-944.0,-708.0
1980,1980989.5142571286,-2016.0,-1896.0,-1752.0,-1704.0,-1252.0,-1156.0,-972.0,-912.0,-968.0,-804.0
1981,1981990.0135067534,-1976.0,-1864.0,-1776.0,-1732.0,-1232.0,-1200.0,-932.0,-920.0,-832.0,-768.0
1982,1982990.5127563782,-2004.0,-1864.0,-1740.0,-1824.0,-1212.0,-1104.0,-1004.0,-900.0,-808.0,-744.0
1983,1983991.012006003,-2040.0,-1936.0,-1804.0,-1816.0,-1232.0,-1132.0,-944.0,-1008.0,-756.0,-752.0
1984,1984991.5112556277,-2024.0,-1904.0,-1864.0,-1808.0,-1204.0,-1128.0,-1052.0,-948.0,-804.0,-704.0
1985,1985992.0105052525,-2020.0,-1940.0,-1860.0,-1756.0,-1248.0,-1152.0,-868.0,-876.0,-808.0,-764.0
1986,1986992.5097548773,-2040.0,-1912.0,-1848.0,-1772.0,-1244.0,-1104.0,-948.0,-860.0,-796.0,-756.0
1987,1987993.009004502,-1992.0,-1920.0,-1792.0,-1632.0,-1212.0,-1100.0,-972.0,-836.0,-708.0,-724.0
1988,1988993.5082541269,-2004.0,-1916.0,-1852.0,-1652.0,-1208.0,-1056.0,-976.0,-872.0,-776.0,-800.0
1989,1989994.007503752,-2004.0,-1904.0,-1856.0,-1652.0,-1176.0,-1044.0,-904.0,-864.0,-736.0,-780.0
1990,1990994.5067533767,-1980.0,-1908.0,-1808.0,-1616.0,-1204.0,-976.0,-896.0,-820.0,-696.0,-672.0
1991,1991995.0060030015,-1988.0,-1924.0,-1792.0,-1628.0,-1168.0,-1028.0,-964.0,-952.0,-716.0,-684.0
1992,1992995.5052526263,-1996.0,-1956.0,-1864.0,-1620.0,-1140.0,-972.0,-976.0,-908.0,-824.0,-700.0
1993,1993996.004502251,-1964.0,-1972.0,-1788.0,-1668.0,-1272.0,-1040.0,-896.0,-864.0,-852.0,-640.0
1994,1994996.5037518758,-2008.0,-1976.0,-1856.0,-1632.0,-1264.0,-964.0,-1004.0,-872.0,-884.0,-652.0
1995,1995997.0030015006,-2012.0,-2000.0,-1900.0,-1576.0,-1284.0,-1016.0,-1032.0,-892.0,-832.0,-612.0
1996,1996997.5022511254,-2024.0,-1984.0,-1868.0,-1624.0,-1236.0,-996.0,-1040.0,-880.0,-740.0,-624.0
1997,1997998.0015007502,-2008.0,-1944.0,-1884.0,-1584.0,-1264.0,-1020.0,-964.0,-844.0,-780.0,-696.0
1998,1998998.5007503752,-1992.0,-1936.0,-1840.0,-1540.0,-1276.0,-1000.0,-904.0,-888.0,-772.0,-656.0
1999,1999999.0,-1992.0,-1992.0,-1784.0,-1584.0,-1256.0,-988.0,-956.0,-812.0,-880.0,-600.0
